x1,x2,x3,x4,x5
-8.447589352726936e-4,0.6356070735491812,-0.3917425228282809,0.6498076030984521,0.7860833439044654
-0.9605687307193875,-0.49112013541162014,0.9038906497880816,0.1323342602699995,0.7951638926751912
-0.41987711284309626,-0.19734788732603192,0.07821176899597049,-0.27043961780145764,-0.7484802505932748
-0.21189482044428587,-0.7886738921515644,0.9080794136971235,-0.16017058538272977,0.984774979762733
0.140884583350271,0.5669784895144403,0.8090070472098887,0.017165441997349262,-0.8207071078941226
-0.5180310234427452,0.6108076991513371,-0.5528644346632063,0.18414152413606644,0.8582381056621671
0.7027075001969934,-0.7989593013189733,0.816184438765049,0.6756624118424952,0.6558299781754613
-0.799153077416122,-0.675683094188571,0.8802187759429216,-0.7759643360041082,-0.47572754230350256
-0.8967305617406964,-0.6226826766505837,0.07355321804061532,0.13664709450677037,-0.017645704559981823
-0.3388538905419409,0.39238294307142496,0.05941885244101286,-0.1815613624639809,-0.7301764176227152
0.7928769597783685,-0.019408715423196554,-0.1884567653760314,-0.7165159145370126,-0.9542630296200514
0.5343025177717209,0.5167443817481399,0.5429129428230226,0.7778454548679292,-0.35331848450005054
-0.6051883962936699,0.12622564565390348,-0.4269788987003267,0.05833287350833416,0.21839985018596053
0.3807493639178574,0.6683117230422795,-0.27523790393024683,0.6592228556983173,0.2549235583283007
-0.3085981369949877,0.6750014121644199,-0.0017517292872071266,-0.4209776953794062,-0.2863247408531606
0.3956902022473514,0.03182330820709467,-0.31591421365737915,0.9328642105683684,-0.8649388984777033
-0.7309725568629801,-0.4001937680877745,-0.6681923549622297,0.26683576265349984,-0.8175670704804361
-0.8270570263266563,0.5449404125101864,0.731102388817817,-0.7750148684717715,-0.46404574951156974
0.5321658346801996,-0.07737130764871836,-0.332749639172107,0.09848692268133163,-0.10547104943543673
-0.9476675479672849,0.6976916077546775,-0.35474065551534295,0.005562320817261934,-0.6933862715959549
0.33528236160054803,0.3006597710773349,0.8020343957468867,0.6837385455146432,-0.9844052619300783
0.3970894003286958,-0.8301392551511526,0.47761606331914663,-0.3683458957821131,0.67662572581321
0.008787336759269238,-0.14600365795195103,0.47048340551555157,-0.29557394701987505,0.9518523891456425
0.7163907433860004,0.35560182202607393,0.7063464908860624,0.40112300869077444,-0.19106341805309057
-0.9596534431912005,0.19724648213014007,-0.4182522436603904,0.4440999976359308,-0.43759633461013436
-0.9252402558922768,0.40260059852153063,-0.45409543393179774,-0.11114541348069906,0.5026391413994133
0.8778804130852222,0.8201987999491394,0.7594995517283678,0.9073400706984103,0.47778880689293146
0.47270042169839144,-0.03869687207043171,-0.6865368913859129,-0.3359618987888098,-0.30421258928254247
-0.22229657974094152,-0.33598865289241076,0.8196667823940516,-0.6219401760026813,0.7047346415929496
0.9246375490911305,0.546272364910692,0.9585090051405132,0.4367344928905368,0.3243485167622566
0.2855104738846421,0.12250628275796771,0.6483645630069077,0.9410186526365578,-0.9434498329646885
0.44583271397277713,0.041462162509560585,0.23811930790543556,-0.6038402952253819,-0.22705040918663144
-0.2872516023926437,0.7837251327000558,0.4678281401284039,-0.8579948358237743,0.7776333671063185
-0.38591231033205986,-0.9748949753120542,0.5976132950745523,-0.2876302944496274,0.865072117652744
-0.0693965838290751,0.45862531242892146,0.8203947888687253,-0.7835229602642357,0.9097499079070985
0.15524362213909626,0.4839861048385501,-0.5078023788519204,0.285771241877228,-0.4192320751026273
-0.24219946982339025,0.42381951585412025,0.3931444608606398,-0.5393391204997897,-0.6324759987182915
0.5588835580274463,0.15512277279049158,-0.6600549458526075,-0.12502259109169245,-0.8200091063044965
-0.7816340057179332,0.42403924698010087,0.36716129444539547,0.0727624399587512,-0.031094908714294434
-0.2551679704338312,-0.17488980293273926,0.12214871682226658,-0.05572532583028078,-0.7865738198161125
-0.7419538660906255,-0.05428920453414321,0.970635854639113,0.7592965899966657,0.022704537957906723
-0.5015691109001637,0.7896650466136634,0.09281020052731037,0.20232886634767056,-0.3232059762813151
-0.16421631816774607,0.762657642364502,0.5145265874452889,0.7806619838811457,0.5187371871434152
0.818209926597774,-0.6582323689945042,0.5122819496318698,0.15208363998681307,0.7582008042372763
0.872831511311233,-0.442866297904402,0.610417717602104,-0.9015810657292604,0.6786440494470298
-0.9161661737598479,-0.9866618504747748,0.41736235143616796,0.2906328742392361,-0.7317487974651158
0.32387036830186844,0.8766162046231329,0.6515171956270933,-0.759237814694643,0.20361076667904854
0.3155263694934547,0.5562608707696199,-0.49298793030902743,-0.3798030377365649,-0.9720284501090646
0.4479858665727079,0.763556741643697,-0.18714938405901194,0.11028209095820785,-0.25656276755034924
0.7288064123131335,-0.6064242357388139,-0.8503238814882934,0.8647465845569968,0.7143583069555461
0.7961243111640215,0.7296457751654088,-0.9429714772850275,-0.9841307266615331,-0.5865763295441866
-0.30832279892638326,-0.07058263989165425,-0.8063377584330738,0.8309411350637674,-0.9482650188729167
-0.035150655545294285,0.20363100990653038,-0.6512119923718274,0.552032211329788,-0.5762465302832425
0.08260706905275583,-0.9840721944347024,0.3159963903017342,-0.7542115394026041,0.1752982228063047
-0.511043444275856,0.022173468954861164,0.1722664604894817,-0.38876571226865053,-0.7299679685384035
0.3483056682161987,-0.24395428784191608,-0.37592741334810853,0.5270194443874061,-0.9206705698743463
-0.4475987465120852,0.6020796219818294,0.294940406922251,0.906925015617162,-0.5067547587677836
0.8606683267280459,-0.675415706820786,-0.21148496447131038,-0.31112340232357383,0.258465189486742
0.25520230643451214,0.5134175308048725,-0.7573692454025149,0.5512611963786185,0.32646344043314457
-0.14091573376208544,0.272651853505522,0.8492847504094243,0.27316649816930294,0.44948647171258926
0.7201875802129507,-0.29138047667220235,0.04986321181058884,-0.9726973101496696,-0.5503972256556153
0.58256188640370965,-0.3124148100614548,-0.30345287220552564,-0.3432684354484081,-3.8874009624123573e-4
-0.6823553605936468,0.06773421401157975,0.16012475034222007,0.023833653423935175,0.18034890154376626
-0.13052883837372065,0.16444995952770114,-0.8710409165360034,-0.44838058622553945,-0.5560056031681597
0.40020732348784804,0.8371716705150902,0.03492687316611409,0.1449625394307077,0.8345015500672162
0.9731704774312675,0.4626203468069434,-0.5741898217238486,0.5501658697612584,-0.45229554967954755
-0.8439959031529725,-0.6568286051042378,-0.21519265649840236,-0.3913947260007262,0.776630453299731
-0.25321742054075,-0.49693057127296925,0.9765262245200574,-0.8049456141889095,-0.3963568932376802
0.3795586070045829,0.46487659122794867,0.27408429328352213,0.7023448860272765,0.6632796912454069
0.4701045476831496,0.2551221367903054,-0.6033299430273473,-0.8577993102371693,-9.567122906446457e-4
0.41513536497950554,-0.9786907299421728,-0.9744300474412739,0.5158518217504025,0.22687078220769763
-0.7274709390476346,0.41344459960237145,0.6818672744557261,-0.766732772346586,-0.8836771342903376
-0.01411567721515894,-0.33320898562669754,-0.656349940225482,-0.5500206686556339,-0.3124723075889051
0.39499107701703906,0.04475399013608694,-0.27722928393632174,-0.1241993447765708,0.33605842012912035
-0.7653657849878073,-0.9262422705069184,0.8002514629624784,-0.46623774478212,-0.32996088871732354
-0.06809907406568527,-0.3379962886683643,-0.17571944510564208,-0.4398591844365001,0.2465721913613379
0.9818053618073463,-0.8807210344821215,-0.6737664714455605,0.2997175236232579,-0.9674165579490364
0.8071824521757662,-0.25416669296100736,-0.7924939785152674,0.4198621534742415,0.08461258374154568
-0.21124936919659376,-0.049781614914536476,-0.7267451989464462,0.3015084881335497,-0.9423182005994022
-0.2677597180008888,0.8558623683638871,-0.006902483291924,-0.8691575131379068,-0.29399722581729293
-0.3971572336740792,-0.035932083148509264,-0.7609375463798642,-0.9107389068230987,0.781031840480864
-0.8978110970929265,0.7372976704500616,-0.8309820182621479,-0.06008317181840539,-0.4128750618547201
0.23069733986631036,0.8372221309691668,-0.023052222561091185,-0.33418443566188216,-0.3092344612814486
-0.38312574895098805,0.4878421751782298,-0.7661209292709827,0.3768455879762769,0.7145231016911566
0.8995976052246988,0.8693808647803962,0.25753515772521496,-0.38155639730393887,0.8560923710465431
-0.12139560049399734,-0.3094284376129508,-0.45010810205712914,-0.27785718254745007,0.27058310015127063
0.385430543217808,0.21117706736549735,0.31145815644413233,0.2575207930058241,-0.7279345183633268
0.030237809754908085,0.10389182716608047,-0.8656051042489707,0.5555252325721085,-0.7183428136631846
-0.9418885675258934,0.1420598430559039,-0.2074789167381823,-0.9998975065536797,-0.16467600921168923
0.5315359244123101,-0.7025311239995062,0.08249394223093987,-0.8769800094887614,0.8875187300145626
0.5484167160466313,-0.5200658612884581,-0.20927547896280885,-0.5903732287697494,0.7724159965291619
0.7104198052547872,-0.5751112815923989,0.9403974250890315,0.07637559436261654,-0.8664501910097897
-0.10383230587467551,0.4378795465454459,0.8349939277395606,-0.7467272612266243,-0.19742757873609662
-0.48587570432573557,-0.8274586298502982,0.1289785741828382,-0.5823859083466232,-0.5066355941817164
0.7209421508014202,-0.3692298671230674,0.8045637016184628,-0.7037906739860773,-0.5858780792914331
-0.8139882516115904,0.36592513974756,-0.10165061615407467,0.2909730696119368,0.5738500244915485
-0.6920820283703506,0.5589396543800831,0.18874919321388006,-0.5158975305967033,-0.9391262060962617
-0.8591525852680206,0.6735016042366624,0.7182517624460161,0.9749170392751694,0.5175406546331942
-0.5109713072888553,-0.3077636193484068,0.31481027230620384,-0.6744882697239518,-0.7107799192890525
0.5152260200120509,-0.3267628038302064,-0.05219147866591811,-0.8400293956510723,0.35453546000644565
0.24555722763761878,0.7188926069065928,-0.5458631780929863,0.7451032130047679,0.9040520926937461
0.06167141254991293,-0.6248400462791324,0.8981433138251305,-0.4937241883017123,-0.8966725361533463
0.5197437284514308,0.8508829963393509,-0.6552956402301788,0.13752047531306744,0.3339273161254823
0.518398055806756,0.5521871950477362,-0.7025467101484537,-0.08200172241777182,0.08014837745577097
0.05112379090860486,0.04086698777973652,0.4111576983705163,-0.8779020695947111,0.002485153265297413
-0.83523492980748415,-0.09919212432578206,0.2806327953003347,-0.12627723067998886,-0.11382674006745219
0.5076786400750279,0.7251601233147085,-0.9127686521969736,-0.9248233288526535,0.9062042855657637
-0.10180385317653418,0.06754346704110503,0.03210616111755371,-0.7161852181889117,-0.8253086390905082
-0.7017601267434657,-0.014873525127768517,0.3547685919329524,-0.3746534730307758,-0.6274366490542889
-0.34287498984485865,0.3322640978731215,-0.38206852274015546,0.9825870203785598,0.6155483294278383
-0.4689147244207561,-0.6950637898407876,0.809478497132659,0.5792699102312326,-0.10578831937164068
0.1564342207275331,-0.8921000226400793,0.15722548123449087,-0.8090051184408367,0.4825686812400818
-0.03601120365783572,-0.4937218292616308,0.5698239747434855,-0.6627169754356146,-0.37540057906880975
0.05233987234532833,0.6157871917821467,0.714166812133044,0.8777072946541011,0.336167034227401
-0.2508512851782143,0.25395574094727635,0.40919959964230657,-0.1324500353075564,0.7001879615709186
-0.7392090889625251,-0.9975749622099102,0.13374572899192572,0.4292306527495384,-0.9194511673413217
-0.043807064183056355,0.46033206721767783,0.6176727516576648,-0.21043234504759312,0.2069394700229168
0.9530533063225448,0.014240901451557875,0.3339766967110336,-0.9929784066043794,-0.29299787199124694
0.5461989492177963,0.8709968067705631,-0.04414440644904971,0.766909196972847,-0.8761230926029384
0.8222631788812578,-0.29471404338255525,0.20260549848899245,0.3236830127425492,0.9381164475344121
0.6327963401563466,0.5793629405088723,-0.06265124771744013,-0.46428312454372644,-0.7842417857609689
0.8003599750809371,-0.25144560309126973,0.8007740001194179,0.793816661927849,-0.04845156008377671
0.9797128099016845,0.24490763805806637,-0.2670098701491952,0.11334646074101329,-0.9706212943419814
0.3611561865545809,-0.32058496167883277,0.3156709191389382,-0.4634980643168092,-0.7870441628620028
0.7100611566565931,0.902658186852932,-0.009352799970656633,0.8100014659576118,0.34326005820184946
-0.7187505983747542,0.18604557309299707,-0.817288825288415,0.018627109471708536,-0.7612437247298658
0.7999183889478445,-0.25735145527869463,0.8344976594671607,-0.436579255387187,-0.03208158491179347
0.8922359249554574,0.850325127132237,-0.4178564250469208,0.0955897755920887,0.2851384826935828
0.2679808475077152,0.18355228286236525,0.7722802674397826,-0.7277111555449665,0.17822368862107396
0.8564437092281878,-0.7849337039515376,-0.28108470840379596,-0.5762402350082994,0.3629720751196146
-0.9125387780368328,0.1781752952374518,-0.22163135977461934,0.6052509816363454,-0.012105503119528294
-0.17438076715916395,-0.019969588611274958,-0.9418953061103821,0.606029509101063,0.7658929657191038
0.2887918958440423,-0.6425610994920135,0.8745214170776308,-0.7922952910885215,0.6889817221090198
0.9958196957595646,0.34297473495826125,0.7349862367846072,-0.37808753410354257,0.9162796302698553
-0.2934268624521792,0.3657328407280147,-0.5871465434320271,-0.05857986165210605,0.3007217822596431
0.8008678001351655,-0.022882556077092886,0.5001186947338283,0.3222725000232458,-0.6486511593684554
0.31999114342033863,0.11967535223811865,-0.7574031366966665,0.3877216186374426,-0.21233075438067317
0.07075995532795787,-0.27210586378350854,0.6304057938978076,0.3173479661345482,-0.8754094825126231
-0.26316823065280914,0.166704966686666,0.6111681647598743,0.2468671938404441,0.5651858849450946
0.9279102995060384,-0.9094663648866117,-0.9327591089531779,0.8797154724597931,-0.40922806318849325
0.49776458740234375,0.8166707665659487,-0.8093889402225614,0.8116010604426265,-0.6808481658808887
0.8857090398669243,0.7484484077431262,-0.6405423604883254,-0.44740188075229526,0.4672450120560825
-0.398422840051353,-0.8736871164292097,0.30498583195731044,-0.4072811002843082,0.16386607754975557
0.9519321746192873,-0.2720948262140155,-0.8982044821605086,0.916813189163804,0.7289990680292249
0.5666829664260149,0.4516370100900531,0.7855270304717124,-0.0074709258042275906,0.29621204268187284
-0.7727626357227564,-0.1342335408553481,0.9827331444248557,-0.4201093972660601,-0.7221097620204091
0.23504332033917308,-0.22109602624550462,-0.7767962273210287,0.22713258070871234,0.46530035184696317
0.5313210785388947,0.5557338139042258,0.8734432784840465,-0.5469797155819833,-0.030919093172997236
0.9222151138819754,0.7029315191321075,0.9931412064470351,0.4624326964840293,0.8320885836146772
-0.7165892440825701,-0.49947071447968483,0.21751563297584653,0.9866680628620088,0.8940732823684812
-0.09946276433765888,-0.8165131988935173,0.7190226083621383,0.7389418845996261,-0.7927295137196779
-0.5675527015700936,-0.3488361765630543,0.667466206010431,-0.6957715908065438,0.3277930039912462
0.054420397616922855,0.07279084390029311,-0.18064210657030344,-0.660182124003768,-0.6540366485714912
0.3814087980426848,0.953860439825803,-0.6034196000546217,-0.15352869126945734,0.9589638351462781
0.7588890912011266,0.9847990018315613,0.9567713686265051,-0.5125034651719034,0.6126791015267372
-0.7308509089052677,-0.8213783605024219,0.6903687305748463,0.5382319255732,-0.27815914526581764
-0.6764479703269899,-0.7335760057903826,-0.9681272143498063,-0.39023125590756536,0.48284601233899593
-0.41680052503943443,0.207281113602221,-0.8643201999366283,0.3575507630594075,-0.799300299026072
0.050972359254956245,-0.30134792486205697,-0.6969961985014379,0.26483640912920237,0.8320163520984352
0.958378448151052,0.7976982602849603,-0.5379491802304983,0.6304463651031256,-0.9927720399573445
-0.9548112824559212,-0.5708143198862672,-0.886693961918354,0.1611626585945487,-0.9769806386902928
0.9796276376582682,0.9907623422332108,-0.8871310423128307,-0.3591450438834727,0.5341581292450428
0.5337640093639493,0.228060161229223,-0.10057264240458608,0.07788097765296698,0.26641797460615635
0.9335913108661771,0.8652158845216036,0.4685480762273073,0.7376607437618077,-0.884619330521673
-0.7161129633896053,-0.5108062252402306,0.9510568943805993,0.41657333076000214,-0.8896160298027098
0.745288307312876,-0.6329603460617363,0.8678829870186746,-0.35507355397567153,-0.5489945937879384
0.5026800190098584,-0.6603925721719861,-0.39499698486179113,0.5240390147082508,-0.4972022376023233
-0.1326719238422811,-0.6766535476781428,-0.8424080177210271,-0.6520840059965849,-0.4722583997063339
0.9736052793450654,-0.8240335546433926,-0.532669322565198,0.2747014006599784,0.8412077855318785
-0.39515943732112646,0.22876756871119142,-0.3460765709169209,-0.44938226509839296,0.30072410218417645
-0.6926867663860321,-0.12508245557546616,0.8918725638650358,0.25297023728489876,-0.8869901946745813
-0.017240711953490973,0.6871354007162154,-0.6050317278131843,-0.024293160997331142,-0.6104945354163647
0.7375651025213301,0.14525291323661804,-0.736733425874263,-0.7839980474673212,0.8913751584477723
-0.4560392084531486,0.925006648991257,-0.7607270684093237,-0.22926656948402524,-0.13630714267492294
0.9923747288994491,0.24189686449244618,-0.0431018783710897,0.7403441765345633,0.10917829861864448
0.3273490252904594,0.20399741875007749,0.05100358556956053,0.9891055235639215,-0.9290762660093606
0.18952107289806008,-0.05324694141745567,0.5182870971038938,-0.8754682745784521,-0.9901528260670602
0.544675714801997,0.245926259085536,-0.5562199261039495,-0.1306498609483242,-0.2269399962387979
-0.6473369393497705,-0.9407860827632248,0.6576016843318939,0.12692076666280627,0.011792104225605726
0.16130245197564363,0.2614965750835836,0.20449462160468102,-0.10190001921728253,-0.5770862516947091
-0.045196627732366323,0.2544841393828392,0.003056590911000967,0.7345438520424068,0.7955173617228866
-0.20649875979870558,-0.5976957189850509,-0.7538973689079285,-0.05530641321092844,-0.3480982929468155
0.0479725101031363,-0.5101426495239139,-0.23000150127336383,-0.7994510941207409,0.9282768722623587
0.16875701630488038,0.7376109650358558,-0.19588606245815754,-0.23920649383217096,-0.6028284369967878
0.06807564850896597,-0.9941540178842843,0.5100049348548055,0.2759426827542484,-0.7601582310162485
-0.8002925263717771,-0.5248921485617757,-0.950812968891114,-0.21116718417033553,-0.5786518733948469
-0.9897610475309193,0.031684518326073885,0.6589454477652907,0.5541492691263556,-0.25298685813322663
-0.3280695374123752,0.16441929014399648,0.49673445662483573,-0.38118979847058654,0.013026416767388582
0.3349825772456825,-0.007688326295465231,-0.5238178437575698,-0.4481785586103797,0.873705371748656
-0.6399793606251478,-0.5429463102482259,0.8043951918371022,-0.8759951801039279,0.3889631018973887
-0.7646114407107234,-0.9592384826391935,0.47294846130535007,0.13997970195487142,0.8674806300550699
0.34486894961446524,-0.3942068568430841,0.3647054969333112,-0.548912821803242,-0.1595909120514989
0.967923978343606,-0.5355819147080183,0.47410111920908093,-0.4519362887367606,-0.918357920832932
-0.45210276870056987,-0.24955060193315148,0.71588144171983,0.8480514050461352,0.013757248409092426
-0.8139476552605629,0.04093893896788359,-0.175235812086612,0.10347819095477462,0.941130705177784
0.26308842608705163,-0.4922693124972284,0.7293255017139018,0.2655099770054221,-0.03386066248640418
-0.73604731913656,-0.9174156151711941,0.0274889781139791,0.7746558007784188,0.16065778909251094
0.5428125043399632,-0.7476699627004564,0.9752330239862204,0.8099910700693727,-0.22169046802446246
0.9202803755179048,-0.8687590495683253,-0.2063599261455238,0.6600136393681169,0.7988089630380273
-0.47837859531864524,0.3776571052148938,-0.38151009706780314,-0.2750375452451408,0.5425448357127607
0.5874137030914426,-0.6301201330497861,0.4486003168858588,0.6405208404175937,0.44528437685221434
0.32444815104827285,0.9143288731575012,0.4041696824133396,0.5284717231988907,-0.5290548005141318
0.5056191221810877,0.8111258586868644,-0.04735030187293887,0.8801837232895195,-0.4956371570006013
-0.33305844850838184,0.42435386311262846,-0.14400836220011115,-0.9272763710469007,0.16615953808650374
0.09603559644892812,0.9295696737244725,0.13565330719575286,-0.9873300991021097,-0.06675921054556966
0.5693543180823326,0.2363445949740708,0.7935298276133835,0.6183369369246066,0.46979415509849787
-0.7479843688197434,0.3042096863500774,-0.9741172874346375,0.48198798624798656,-0.2929213331080973
0.5410791942849755,-0.23669995833188295,0.17186147207394242,-0.206716142129153,-0.1881348113529384
-0.923646405339241,0.6347222994081676,0.9958687676116824,0.5740355760790408,0.6533107711002231
-0.7209313786588609,0.4651149734854698,0.9923875136300921,-0.1398147284053266,0.5933307665400207
-0.18680170318111777,0.0419388422742486,0.9685006150975823,0.5337399956770241,0.32008858397603035
-0.9931471957825124,0.4019647971726954,0.051830925047397614,0.2780028944835067,0.34550198540091515
-0.8269850052893162,0.7670647348277271,-0.4481230969540775,-0.0849335384555161,0.6059963838197291
-0.21644784370437264,0.1474633626639843,0.748881256673485,0.24734163424000144,-0.5462662824429572
-0.225850326474756,-0.24793834798038006,-0.17696148110553622,0.7401235862635076,0.9844674365594983
-0.541594501119107,-0.9167782575823367,-0.5413170298561454,-0.2996988957747817,-0.5358546725474298
0.403943058103323,0.5709048667922616,-0.32816181099042296,0.36833036690950394,0.05264408886432648
0.131602733861655,0.3872518399730325,-0.9677677759900689,0.7411387246102095,-0.07197994086891413
-0.24594095489010215,-0.14006837084889412,0.9281490347348154,-0.3367491024546325,0.30030719144269824
-0.6434808038175106,0.9103217837400734,0.208302634768188,-0.5209600096568465,0.7693319511599839
-0.5008209156803787,-0.2849443214945495,-0.7478135991841555,0.8392232414335012,-0.6048957454040647
-0.019272418692708015,-0.6737217563204467,-0.9065601443871856,0.06783661618828773,0.20345832500606775
0.7188314353115857,-0.7476176666095853,-0.7550988621078432,0.33032210171222687,0.6633249623700976
-0.13138619903475046,0.2556060357019305,-0.7126909769140184,0.8774619246833026,0.7704068231396377
-0.22893973253667355,0.9056937522254884,0.617054674308747,0.5620864536613226,-0.2627586987800896
-0.40847449377179146,-0.7684196499176323,-0.21414349367842078,0.9785014688968658,0.3285801652818918
0.5102667757309973,0.09407982276752591,0.8132837507873774,-0.25082809664309025,0.2433904749341309
-0.2929435530677438,0.7531990087591112,-0.17371492506936193,-0.0094232726842165,-0.026649863924831152
-0.4677472049370408,0.6201030341908336,0.7172038294374943,-0.5596164078451693,0.8571947794407606
0.7144630621187389,-0.752438307274133,-0.6842402932234108,0.6706598210148513,0.9842602228745818
0.5829490092583001,0.12002253020182252,-0.6099539957940578,0.7580258105881512,0.8235583766363561
0.36107931286096573,-0.3527750177308917,0.3229649309068918,-0.6261384100653231,-0.4378219931386411
0.833591659553349,0.303143298253417,-0.5248096757568419,0.3328259140253067,-0.9297933802008629
-0.5098610329441726,-0.7596868709661067,0.11463914765045047,-0.014033181127160788,0.6497514797374606
-0.21308590797707438,-0.13300272170454264,0.551976518239826,0.13863400602713227,0.4258719300851226
0.14791429182514548,-0.4153325390070677,-0.4192891828715801,0.42496768571436405,-0.7411255338229239
-0.08235713373869658,0.6292035290971398,-0.7713242438621819,0.7124248659238219,-0.09658799739554524
0.7661658893339336,-1.2050801888108253e-4,-0.6376541727222502,-0.822879827581346,-0.8016206962056458
-0.663314432837069,0.1794038349762559,0.3297424018383026,0.4429870783351362,0.7052438547834754
-0.25715897511690855,0.5461832024157047,0.18861971609294415,-0.6945093544200063,-0.6067397189326584
0.4343998762778938,0.9925972558557987,0.8618246098048985,0.3917118441313505,0.32864136388525367
-0.9433183586224914,-0.1511880443431437,-0.05724235996603966,0.030308176297694445,0.9188830349594355
-0.35265335673466325,0.1795012103393674,-0.7536904835142195,0.003210637718439102,-0.2689662133343518
-0.025020457338541746,-0.21193127473816276,-0.8984546307474375,-0.3286680947057903,0.5773641248233616
0.17377341678366065,0.9761292790062726,0.29769492894411087,-0.34388373512774706,-0.7747467579320073
0.37127952743321657,0.5926898890174925,0.7276930804364383,-0.5582435396499932,-0.7163064801134169
-0.49332542391493917,-0.20377883035689592,-0.040148548781871796,-0.208667051512748,0.15146294375881553
0.8828129270114005,0.3276293659582734,0.9225024869665504,0.6294006807729602,0.9472574265673757
-0.6674889060668647,0.06871627131476998,0.49252459593117237,0.37101637618616223,-0.23045949637889862
0.5674140956252813,0.9963146839290857,0.5483096037060022,0.6573799136094749,0.5532263829372823
0.8485093479976058,0.25286357570439577,0.3224506890401244,0.07237428892403841,0.004113740287721157
-0.3576745484024286,0.6433322373777628,0.4934584703296423,0.5328551847487688,-0.65322838537395
-0.9266964183188975,0.537985626142472,-0.12823790218681097,0.49986254097893834,-0.888080405537039
-0.1345626530237496,0.1476103588938713,-0.4519880865700543,-0.9203111859969795,-0.7229884378612041
-0.3802180076017976,0.9895977354608476,0.4847972192801535,0.49794124346226454,-0.6628714110702276
-0.3352411389350891,0.3475710032507777,0.14823789848014712,-0.23685517627745867,0.8204431128688157
-0.5420010620728135,-0.5461299023590982,-0.5230563431978226,-0.16965886717662215,-0.07756195357069373
0.6181257958523929,0.2391126393340528,-0.44984535593539476,0.7556253471411765,0.4389434279873967
-0.5894469614140689,0.5501361973583698,-0.5944390655495226,0.5276856445707381,0.6937710219062865
-0.8439048328436911,0.9059496424160898,-0.46790829906240106,-0.9450839273631573,-0.1576039707288146
0.24526771996170282,-0.9873566091991961,-0.610830120742321,-0.868360348045826,0.6789915976114571
-0.06307754339650273,-0.2876099278219044,-0.8830584888346493,0.8989051911048591,-0.4304424677975476
-0.7482424033805728,0.9467516313306987,-0.730592146050185,0.7347316700033844,-0.35287777381017804
0.3561547938734293,-0.303601685911417,-0.4953267751261592,-0.3511102618649602,0.0985322124324739
0.6613896177150309,-0.22430908912792802,-0.5916269039735198,-0.10685076424852014,-0.096533446572721
-0.36710455222055316,-0.8724012016318738,-0.8369550202041864,-0.6684842216782272,-0.8727531689219177
0.6893044468015432,-0.5189259462058544,0.11689639324322343,-0.6941786198876798,-0.686491072177887
-0.671708520501852,-0.8222935213707387,-0.7752444879151881,0.13417958514764905,-0.7585198059678078
-0.804432119242847,0.2304840525612235,0.11832725256681442,-0.24431480187922716,0.2585371034219861
-0.8374611986801028,-0.5438917679712176,-0.027479376178234816,-0.6175307738594711,-0.1254264833405614
-0.20641264179721475,-0.7078194660134614,-0.16698857909068465,-0.957239169627428,-0.02955234469845891
0.8587903776206076,-0.8867798610590398,0.2057258957065642,0.7078773700632155,-0.4187145382165909
-0.9882677020505071,0.6414978778921068,-0.8218872952274978,0.3912843940779567,0.04093190096318722
0.3566546766087413,0.4800701648928225,0.3441848661750555,0.8862982476130128,-0.15236049005761743
-0.2054119510576129,0.9419232285581529,0.4379514134489,-0.4981985264457762,-0.8786728833802044
-0.813750839792192,0.7839698768220842,0.3119823718443513,-0.9844242855906487,-9.015882387757301e-4
0.9302795398980379,0.7453756118193269,-0.43087678076699376,-0.3103985032066703,-0.12473259260877967
-0.5363704334013164,-0.08547713654115796,0.8387082703411579,0.4768794276751578,0.4197517829015851
-0.8870550985448062,-0.5476021911017597,0.5069512096233666,0.2896275776438415,0.9242869070731103
-0.8513148319907486,0.16189741529524326,-0.6889721895568073,0.2766541801393032,-0.5950649897567928
0.0928658340126276,-0.3193037798628211,-0.25404201494529843,-0.32678661635145545,-0.8909715740010142
0.5091875656507909,0.4302308992482722,0.9591237497515976,0.9281372921541333,0.47408689744770527
0.9793860330246389,0.5065576522611082,0.020927113015204668,0.3832414918579161,-0.37664968660101295
0.4342290060594678,-0.6103313220664859,0.5873669041320682,-0.7416977472603321,0.00900656683370471
-0.975692075677216,-0.38658968452364206,0.08167248032987118,-0.5434737019240856,0.1582625089213252
0.5467470432631671,0.9838427058421075,0.14510019170120358,0.34094319492578506,0.37663646321743727
0.2942427136003971,-0.5797917675226927,0.14252386754378676,0.8890992845408618,0.05426327371969819
-0.09645052719861269,0.46367924148216844,0.9972190093249083,0.2728030849248171,0.6336361435241997
-0.5045055537484586,-0.5878006634302437,0.6658510300330818,0.5464672581292689,-0.20413547800853848
-0.40242131147533655,0.4907670048996806,0.20680295443162322,0.3029767810367048,0.1986902914941311
-0.5142114846967161,-0.24762713443487883,0.1238714219070971,0.1756526930257678,-0.23012331873178482
-0.8880540360696614,-0.2758030262775719,0.8719146992079914,0.3821428050287068,-0.4917566105723381
0.9741373592987657,-0.012079549487680197,-0.20517599629238248,-0.25484020728617907,0.5571428472176194
0.24191341642290354,-0.8273370340466499,0.43386872578412294,-0.9775271662510931,0.952575764618814
-0.23080746736377478,0.7826317469589412,-0.34510591998696327,0.3837508191354573,0.9469979759305716
-0.51779700582847,-0.2659135377034545,0.17292002774775028,0.8548940909095109,-0.8304978092201054
0.8135191849432886,-0.3277190732769668,-0.13540721824392676,0.4808427128009498,0.7757833069190383
0.35565788857638836,0.6681083380244672,-0.0772255384363234,0.9062803573906422,0.4781473805196583
-0.029907832853496075,0.7443908522836864,0.15879847947508097,-0.03737432975322008,-0.4702913430519402
0.6935001113452017,-0.44067832734435797,-0.47159372782334685,-0.3664335976354778,-0.29060836182907224
0.11401098873466253,0.042669159825891256,0.8971159909851849,-0.4299512570723891,-0.21322658052667975
0.3704330138862133,-0.38074095314368606,-0.8353867204859853,0.9582052836194634,-0.6186922453343868
-0.3491484713740647,0.08658158779144287,0.7413709410466254,-0.7494385973550379,-0.30972668807953596
0.16613623825833201,-0.38159387512132525,-0.046187376137822866,0.5176429986022413,0.8779361392371356
0.3574524587020278,0.842071941588074,0.8880971819162369,-0.8047224003821611,-0.40404449217021465
0.998923166655004,0.9180340697057545,-0.06704648025333881,0.21245414344593883,0.37915424862876534
0.23913873359560966,0.06781465327367187,-0.3132542511448264,0.6485863337293267,0.01944728847593069
-0.5970301069319248,0.600181037094444,0.4799519940279424,-0.5695702126249671,0.4407407632097602
0.8726055040024221,0.5047232983633876,0.2916012820787728,0.27101740101352334,-0.567486294079572
-0.2713230396620929,0.46436637453734875,0.5701378267258406,-0.6295653791166842,0.0301638413220644
-0.33913538279011846,-0.9795882175676525,-0.10154604259878397,-0.8093302031047642,0.34778948966413736
-0.06418052082881331,0.8372254045680165,-0.0795092317275703,-0.29262562934309244,0.41992173064500093
-0.9407321652397513,-0.5584134659729898,-0.6045680260285735,-0.9126008083112538,-0.8451536460779607
0.8450874527916312,0.42535044392570853,0.3869830365292728,-0.5651098098605871,0.08911203453317285
-0.689217765815556,0.1715964120812714,0.48426053300499916,-0.03433508239686489,-0.3644337854348123
-0.7143785688094795,-0.5247376868501306,-0.5274107297882438,-0.22989390045404434,0.3754750844091177
0.9076445885002613,0.8146880064159632,-0.40650742407888174,-0.5964754237793386,0.7839436130598187
0.8913684822618961,0.07065435079857707,-0.7748945029452443,-0.46368863247334957,-0.14231743989512324
-0.3201692462898791,-0.7639014599844813,0.3413619315251708,-0.3084732354618609,0.4470554981380701
0.10356004443019629,-0.750400020275265,-0.09763367101550102,-0.45270413206890225,0.3286150065250695
-0.6536756209097803,-0.7157632606104016,-0.8484206255525351,-0.17895363923162222,0.027616241946816444
-0.6102330614812672,-0.0017746170051395893,0.3287793304771185,0.9703434417024255,0.8091565584763885
0.6136789643205702,-0.6765818283893168,0.6633104290813208,-0.23568575084209442,-0.6396315256133676
0.6718004522845149,-0.45194106036797166,-0.5013936990872025,-0.8186432155780494,0.16824025893583894
0.779971512965858,-0.6602419340051711,-0.0050628092139959335,-0.31022911751642823,0.8931835247203708
0.7513894280418754,0.8954254584386945,0.8953086542896926,0.9107413263991475,-0.24046651693060994
0.8143751448951662,-0.2170775020495057,-0.189125653821975,0.055718276649713516,-0.37273325491696596
0.8564410773105919,-0.2028248249553144,0.4779380038380623,-0.697456122841686,0.4840490659698844
0.3736874791793525,-0.8536582170054317,-0.2829152341000736,0.41022955533117056,0.693973699118942
-0.41295343544334173,-0.7881241030991077,0.3655599569901824,-0.07158270571380854,0.823066262062639
0.22274642996490002,0.09204867016524076,0.310518235899508,-0.08500300906598568,-0.06093493429943919
0.22101690899580717,0.3677623807452619,-0.2062001577578485,0.9315053634345531,-0.702091574203223
0.26929968874901533,-0.2192027810961008,0.047594922594726086,-0.10451574809849262,0.9547246773727238
0.777014012914151,0.34642761666327715,-0.5930795990861952,0.37338438304141164,0.2944513615220785
0.07089533237740397,0.05552867567166686,0.2569564678706229,-0.23937008110806346,-0.312590669374913
-0.3836932457052171,-0.8996414123103023,0.10984339471906424,0.8093569669872522,0.3896646364592016
0.79764160281047225,0.08599803177639842,-0.4633115064352751,-0.6746003357693553,-0.283695078920573
-0.2955389521084726,-0.4267978360876441,0.3163563893176615,0.30061067221686244,0.319972260389477
0.17136360006406903,-0.23741472279652953,-0.0023796050809323788,0.35328296199440956,0.30938790598884225
0.5875130388885736,-0.31870891572907567,-0.8943069376982749,-0.8236078205518425,-0.8572982251644135
0.8750938735902309,-0.6703193187713623,0.9214749974198639,-0.07678965525701642,-0.6098872586153448
0.581309920642525,-0.08199190814048052,0.5326112280599773,0.7996557615697384,0.13308838289231062
-0.9976595020852983,-0.3518775496631861,0.8575424454174936,-0.8363862782716751,0.3141705496236682
0.13231125008314848,0.03434441797435284,-0.07501938194036484,0.45040603587403893,-0.5731588476337492
0.03469186322763562,0.4928178796544671,-0.9913689866662025,0.4997155941091478,0.13164882315322757
0.5053815231658518,-0.9762469623237848,-0.5100267278030515,0.33541900757700205,0.32596443872898817
-0.2205992485396564,0.72382738487795,0.28042878722772,-0.7424129419960082,0.7905827113427222
-0.929813904222101,0.26786275999620557,-0.09479383938014507,-0.19003682350739837,0.8744876994751394
-0.7818499328568578,-0.6014840411953628,0.16200241865590215,0.6979106925427914,0.32672218419611454
-0.027222514618188143,-0.8780907243490219,0.112986178137362,-0.7302922289818525,-0.34288428956642747
-0.6752863330766559,-0.4630917804315686,-0.17947400221601129,0.2507423195056617,0.8138372767716646
0.0312060359865427,0.0734040942043066,-0.8308794992044568,0.892240775283426,0.8781330115161836
-0.9675794276408851,-0.6732300585135818,-0.8917108257301152,-0.7095199497416615,0.12740366300567985
0.380697067361325,-0.005745247472077608,0.7006357926875353,0.48337440099567175,0.34268482914194465
-0.49423038540408015,0.15786786936223507,-0.5415222705341876,-0.3207257301546633,-0.08826166857033968
0.9325405275449157,0.538553711026907,-0.6589900669641793,-0.7522730100899935,0.8119611078873277
0.526754452381283,-0.33683893410488963,-0.9865165241062641,0.024633520748466253,0.7327713966369629
0.2125154542736709,0.5045174406841397,0.13473480474203825,-0.07291956385597587,-0.42966646142303944
-0.38301634369418025,0.5815373877994716,-0.2731533907353878,-0.2937006214633584,-0.957831924315542
0.07557065458968282,0.2288665734231472,-0.9101688270457089,0.24682939378544688,-0.5020458581857383
-0.5332048223353922,-0.27064264426007867,0.7219733707606792,0.20896478276699781,-0.17836290271952748
0.3786462554708123,0.2842422197572887,-0.8945151953957975,-0.7495402828790247,-0.0063269357196986675
-0.4025323083624244,-0.4442034736275673,-0.5002047982998192,-0.6984519069083035,-0.9688250557519495
-0.3671548282727599,-0.5760354376398027,-0.1302153840661049,-0.16899615665897727,-0.5690529267303646
-0.8938987720757723,0.8681035772897303,-0.8785915612243116,0.25438310764729977,0.09735620766878128
-0.6820895099081099,0.8829174330458045,0.9193950933404267,-0.7327625551261008,-0.6099943616427481
-0.08905627857893705,0.7091039749793708,0.4991736998781562,0.30110609252005816,0.495503518730402
-0.0684934202581644,-0.6419986081309617,0.9336014515720308,0.08795014536008239,0.9404530338943005
0.5187646397389472,-0.9023418305441737,0.914841921068728,-0.2413565726019442,-0.17063989164307714
0.6279688095673919,-0.9183075060136616,0.5272653009742498,-0.01722146850079298,0.8269333676435053
-0.15088374493643641,-0.9321581744588912,-0.10599823622033,0.04895680584013462,0.6780767873860896
-0.19762073457241058,0.5794216957874596,0.47654613060876727,0.6798857157118618,-0.49997759982943535
0.599623279646039,-0.6024813149124384,0.5325542273931205,0.42985657323151827,-0.18657271470874548
-0.5940753011964262,-0.9291806295514107,0.3477963893674314,-0.11783594824373722,0.9191828370094299
-0.23875048896297812,-0.35523176938295364,0.8216387899592519,0.8398105190135539,-0.7395975003018975
0.5253191376104951,-0.5802464303560555,0.8243794306181371,0.6154263075441122,0.5658218031749129
0.19917845260351896,-0.7884764573536813,0.2420884990133345,-0.3398555791936815,0.7568727969191968
-0.6205396945588291,0.21170795150101185,-0.6830792450346053,-0.15242944471538067,0.6087150815874338
0.33176671154797077,-0.29598936066031456,0.3397580562159419,-0.28861965611577034,-0.13715574005618691
-0.31112490501254797,-0.4157399092800915,0.39941075909882784,-0.749701180960983,-0.7814008672721684
0.5793676618486643,-0.034078072756528854,0.744484109338373,-0.04574147565290332,0.6833317098207772
-0.8066109297797084,0.922793029807508,0.821959397289902,0.8884042198769748,-0.9782952992245555
0.4656369546428323,-0.8197615249082446,-0.6469866684637964,0.2764402162283659,-0.18172363005578518
0.6918551092967391,0.17041935352608562,-0.7668766882270575,0.7340824925340712,-0.9710628208704293
-0.01779604610055685,0.6812890372239053,0.012649836484342813,-0.957297055516392,-0.19333775667473674
0.07619115291163325,0.2255364116281271,-0.3942811032757163,-0.2468095156364143,0.3046348877251148
-0.47972799744457006,-0.6969025330618024,0.4370979778468609,-0.2768861469812691,-0.021904165856540203
-0.42901183804497123,-0.5648247515782714,-0.2830486730672419,0.29330402379855514,-0.4844334740191698
-0.5070971036329865,-0.4487523422576487,0.894670152105391,0.730170467402786,0.480130557436496
-0.6736415531486273,-0.7429486364126205,-0.8487096847966313,-0.6791505762375891,0.2050312557257712
-0.5395364323630929,-0.47882322035729885,0.27205929532647133,0.07373366970568895,-0.13312605023384094
-0.2560890638269484,0.021221443079411983,-0.02745544770732522,0.6769711920060217,0.7773012686520815
-0.38858010387048125,-0.9772354522719979,0.22167990310117602,-0.46677929256111383,-0.8400635337457061
0.24365811701864004,0.31658690609037876,-0.6171443150378764,-0.953555058222264,-0.9815362240187824
0.19987659296020865,0.9658031375147402,-0.36659853206947446,0.6842191186733544,0.14246881334111094
0.10147004388272762,0.30676284758374095,-0.21589569561183453,0.6373223373666406,0.00701512536033988
0.15004115737974644,-0.15147975459694862,0.31191653246060014,0.6668630880303681,0.31045285519212484
0.5903660906478763,0.1888485811650753,-0.9706742535345256,-0.5195814636535943,0.11220134701579809
0.32617995608597994,-0.21048571728169918,-0.6898866025730968,-0.3520454689860344,-0.7720058104023337
-0.8297243947163224,-0.11407652916386724,-0.940557420719415,-0.18235833896324039,0.9313061134889722
-0.7998697627335787,0.23541452549397945,-0.22304798010736704,0.24061591923236847,-0.5186225902289152
-0.6921809385530651,0.2468911362811923,0.0704236407764256,0.25398964947089553,-0.18318407842889428
0.5459138844162226,0.1576767093501985,0.21482919435948133,0.8328003915958107,0.20463525550439954
0.4911077213473618,-0.04298128467053175,-0.6111671910621226,0.35121743520721793,-0.9439705400727689
0.5614767014048994,0.24331664899364114,-0.6928886384703219,0.961290075443685,-0.3109479695558548
0.9504355974495411,0.3744480418972671,0.8013632157817483,0.8046585684642196,-0.6485264073126018
-0.10679541854187846,0.8887986657209694,-0.048490564338862896,0.7989694052375853,-0.7801967160776258
-0.804453331977129,0.06889123609289527,0.06542236218228936,0.7777520851232111,0.5885402509011328
0.36903677927330136,-0.8715656334534287,0.8983266684226692,0.2845978392288089,-0.7398532698862255
-0.7401631465181708,-0.5712595013901591,0.7138366084545851,0.4878453565761447,0.725625969003886
0.18652653507888317,0.6304329023696482,-0.4303050674498081,0.36792202293872833,0.11002371273934841
0.7124984306283295,0.8950141835957766,-0.09928035270422697,-0.38840178260579705,-0.757127242628485
0.6583792357705534,-0.35565423453226686,-0.7082035043276846,0.7943856986239552,-0.8418499832041562
0.8705631513148546,0.31684346217662096,-0.02161551732569933,0.3573831566609442,0.8088563634082675
-0.5460738050751388,0.227487170137465,-0.8118831356987357,-0.28512898040935397,-0.6334825698286295
0.5467069796286523,-0.18459633365273476,0.17687567044049501,-0.5094206561334431,-0.9035013280808926
-0.9284965619444847,-0.8328178585506976,0.7520363912917674,0.1650205380283296,-0.453325561247766
-0.02918856544420123,-0.6182495355606079,0.4035288277082145,0.08798628440126777,-0.3175220787525177
-0.6221702764742076,0.57159514259547,0.6068537910468876,-0.8917811717838049,0.9431539094075561
0.7360130790621042,0.5372868641279638,-0.4354524682275951,-0.5735357739031315,-0.9212919757701457
-0.7748818136751652,0.4392597624100745,-0.9824631423689425,-0.27882813569158316,-0.4540428896434605
0.6713210847228765,-0.06109450524672866,0.5493785561993718,0.6006018063053489,0.9217902743257582
-0.783088059630245,-0.9729364761151373,-0.37821702752262354,-0.03822794696316123,-0.08941476279869676
-0.701830277685076,0.3524248995818198,0.33719201385974884,-0.9766928656026721,0.632395579945296
0.1819625454954803,-0.045926581136882305,-0.3518287339247763,0.4749471819959581,0.8420488187111914
-0.6414967831224203,0.8189757512882352,0.5460554352030158,-0.08598917815834284,0.7258416265249252
-0.1566865984350443,0.0506480960175395,0.09222923824563622,-0.7217613956891,-0.7183880168013275
-0.4577285018749535,0.7582187331281602,0.7700897450558841,-0.06270813103765249,-0.9873658735305071
0.4014533222652972,0.4056287673301995,0.08942606812343001,0.70191610744223,-0.9505267166532576
0.9054965884424746,0.6696424703113735,0.7916886932216585,0.27733208425343037,-0.3403804637491703
-0.9871153845451772,0.7126376517117023,0.7176378732547164,0.9092022725380957,0.8042268329299986
-0.3690613997168839,-0.6365991686470807,0.6030064364895225,0.17655533785000443,-0.10182923683896661
-0.31471260404214263,-0.17790219048038125,0.36451107263565063,0.49651397904381156,0.7626951467245817
0.6369682536460459,0.16870989510789514,0.6097067873924971,0.3297062758356333,0.18056565709412098
0.764745261054486,0.9911032235249877,-0.25800258154049516,0.7922643767669797,-0.2784366547130048
-0.11428431142121553,0.13264727545902133,0.7638684632256627,-0.36557065742090344,-0.9504868872463703
-0.5022640507668257,0.6800302010960877,-0.19925403967499733,-0.34195031644776464,-0.6168314944952726
-0.23536934657022357,0.6665101707912982,-0.2923093750141561,0.2174340421333909,-0.10108756506815553
-0.425480960868299,0.4443098218180239,-0.7121161450631917,0.6534847836010158,-0.02132875844836235
-0.7422730959951878,-0.9078505616635084,0.7095577358268201,0.5240705916658044,0.4740056376904249
-0.6284239138476551,0.28888380341231823,-0.616928999312222,0.1528117866255343,0.39314485155045986
-0.6361998966895044,0.7630000980570912,0.02832952421158552,-0.9784710966050625,0.7011775653809309
-0.9426290453411639,0.8937628637067974,-0.7290355353616178,0.9278075369074941,0.8121205526404083
0.7842125333845615,0.2873975122347474,0.7348789214156568,-0.7751758391968906,-0.6793773984536529
-0.6818895880132914,-0.850113557651639,0.6398517466150224,0.16235883766785264,-0.2274699928238988
-0.923997646663338,0.6070586889982224,-0.8615376618690789,0.9817838054150343,0.5848623858764768
-0.35314478538930416,-0.9962375820614398,-0.8103782702237368,0.08348867669701576,-0.29054413037374616
0.991513610817492,0.3736905036494136,-0.7764318734407425,0.7333483449183404,-0.32772702258080244
0.6850083279423416,0.9535964000970125,-0.5134959574788809,0.7258061375468969,0.47532141022384167
-0.5495025715790689,-0.8618003097362816,-0.315115530975163,0.6019670502282679,-0.10789489280432463
0.8162679644301534,-0.49164693895727396,0.8873957213945687,-0.5635949145071208,0.7290169759653509
0.8205747306346893,-0.31769617134705186,-0.4465157575905323,-0.031289685517549515,-0.3592693703249097
0.4153950931504369,0.17262100474908948,0.2465584776364267,-0.22799995401874185,0.45017150370404124
-0.5383387496694922,0.9528524549677968,-0.4645951436832547,0.40005951514467597,-0.8394662644714117
-0.10455664806067944,-0.879059262573719,0.5663554347120225,-0.46005729818716645,0.5982659966684878
-0.7529010637663305,0.16424525808542967,-0.677595101762563,-0.10118675231933594,0.11065919417887926
-0.3966774339787662,0.81541962409392,0.5875177443958819,0.9702264433726668,-0.9520925874821842
0.12924928311258554,0.9120408352464437,0.9054363053292036,0.12918289098888636,0.3711936669424176
-0.11780980788171291,-0.04162428202107549,0.04721309430897236,-0.39192012092098594,0.5566106890328228
-0.18762681121006608,-0.7932861754670739,-0.8234282722696662,-0.17203271901234984,0.06997598940506577
-0.17469679284840822,0.2837172723375261,0.9007685384713113,-0.8842440191656351,0.7519622226245701
-0.8041298254393041,0.7226349599659443,-0.5572719466872513,-0.6169003928080201,0.19802289502695203
0.4589915559627116,0.9993808693252504,-0.2719262554310262,0.5146744819357991,-0.42947563249617815
-0.5183231816627085,-0.9061345625668764,0.3224990265443921,0.7897894033230841,-0.2671250938437879
0.5076813665218651,0.7186909918673337,-0.5529245887883008,-0.19635313004255295,-0.6854090695269406
-0.593984383624047,-0.2290716478601098,0.908568324521184,-0.2152427528053522,-0.994893160648644
0.5647694994695485,0.41854470083490014,-0.6800034786574543,0.15103264898061752,-0.4441316653974354
0.01930275373160839,0.3875306183472276,-0.006932851392775774,0.4040612867102027,0.32821018248796463
0.38734056940302253,-0.49322242429479957,0.27902532601729035,0.9343428961001337,-0.8915366898290813
-0.7616031398065388,-0.19652432668954134,-0.7220552582293749,-0.3528886470012367,-0.463763992767781
-0.012978218030184507,-0.7680027531459928,-0.9292741962708533,-0.2147242915816605,0.7434785072691739
0.4994281055405736,-0.5621681646443903,-0.20876562735065818,-0.5871534780599177,0.11911532701924443
-0.6164615908637643,0.5754577359184623,0.5708273225463927,-0.7472601938061416,0.22701470786705613
0.1544269835576415,-0.8345326902344823,0.5592045676894486,-0.13698697788640857,-0.7703827186487615
0.9857831601984799,0.42678880551829934,0.175106440205127,0.8986128438264132,0.36855463357642293
-0.7446530759334564,-0.020256254356354475,-0.3324991767294705,-0.5231157233938575,-0.20355230988934636
0.6514473273418844,-0.7681393953971565,-0.8815415892750025,-0.4018221003934741,0.24315414624288678
0.698531920555979,-0.5165007188916206,0.02110873395577073,-0.45104459254071116,0.7995409299619496
0.8169409721158445,0.9254697537980974,-0.12547707185149193,-0.1478762230835855,-0.28734190762043
-0.05914869625121355,-0.06528002163395286,0.967378422152251,-0.22294380143284798,-0.8288074326701462
-0.9223925448022783,-0.99886135663837194,0.22736139735206962,-0.3695639339275658,-0.6936319591477513
-0.47476974222809076,-0.4921294078230858,-0.9600857351906598,-0.70357525954023,0.6638903948478401
0.32042780751362443,0.08637375710532069,0.06598051078617573,-0.5095760552212596,0.032445942517369986
-0.2530011925846338,0.3802945204079151,-0.09674395993351936,-0.5122357942163944,-0.4530894882045686
-0.8319491790607572,0.7440455625765026,-0.7857591626234353,0.14992623263970017,-0.6374004753306508
-0.7742413626983762,-0.4027760555036366,-0.4902668735012412,-0.3121083313599229,-0.5682378234341741
0.8146471348591149,0.1426042844541371,0.7708619218319654,0.15818801149725914,0.3439475982449949
0.22358631063252687,-0.6983985127881169,0.9775969875045121,-0.8385471901856363,-0.6404305379837751
-0.868215468712151,0.6689784969203174,0.8524233936332166,-0.8783321748487651,0.4122934201732278
-0.9079280099831522,-0.5100467829033732,0.5429721837863326,-0.1900282958522439,0.6186447436921299
-0.21877171425148845,0.40390609251335263,-0.621633228380233,0.01873954152688384,-0.4760887841694057
-0.6435596668161452,0.122316830791533,-0.06231556134298444,0.4145116279833019,-0.950780623126775
0.5247061047703028,-0.3387439320795238,0.6192699372768402,-0.0437274444848299,-0.018745871260762215
0.6209647506475449,0.12922225520014763,-0.4284461955539882,0.19851221423596144,-0.1544320872053504
-0.22265435522422194,-0.8932331842370331,-0.022465297486633062,0.027420090045779943,-0.2037350358441472
-0.9182194569148123,-0.9478652076795697,0.8434343552216887,0.9253759756684303,0.5459763649851084
-0.20647929469123483,-0.024445887189358473,0.9617536887526512,-0.9760465025901794,0.4236061885021627
-0.8127609766088426,-0.0800193683244288,-0.1169286030344665,0.10435432195663452,-0.18676300905644894
0.865377917420119,-0.3899691039696336,-0.20812959782779217,0.2019280530512333,-0.1332887071184814
0.31271306006237864,-0.28920406475663185,0.7995459600351751,0.027000809088349342,0.23232619743794203
-0.7520717075094581,-0.8413165491074324,-0.709528551902622,-0.06101086037233472,-0.09078858140856028
0.09844269650056958,0.40101610170677304,-0.0972728580236435,-0.5223990450613201,-0.001553377602249384
-0.9908023895695806,0.6708542006090283,-0.20945196505635977,0.2233749865554273,0.2696106741204858
-0.6554586617276073,0.9875461864285171,-0.31220103334635496,-0.5810249894857407,-0.4693827168084681
-0.6767989620566368,-0.35611615935340524,-0.15916882222518325,-0.1780112753622234,-0.6337151098996401
-0.20725326612591743,0.5036524906754494,-0.964744882658124,-0.4664659611880779,0.34244119422510266
-0.5085925497114658,-0.5158660863526165,-0.8158005215227604,0.41830439446493983,-0.9104456612840295
-0.9574002702720463,0.01156250899657607,0.18332005478441715,-0.45695620868355036,0.3281380315311253
0.13470827974379063,-0.9967191810719669,-0.0449967086315155,0.6039249934256077,0.5163903567008674
0.11399745056405663,-0.5573080652393401,0.46343935607001185,0.6074468959122896,0.9628084348514676
-0.6713365153409541,0.00511141074821353,0.39721567183732986,0.9997743708081543,0.7701755766756833
-0.5453914040699601,-0.49696890031918883,-0.5257009398192167,0.1502226898446679,0.43179011112079024
-0.9767468040809035,0.22535287821665406,0.6669908408075571,0.1678735869936645,0.6591425007209182
-0.5644995318725705,0.46768920542672276,-0.7925748126581311,0.3565787975676358,0.5417752722278237
0.5783806550316513,-0.1834692033007741,-0.9274615570902824,-0.1581942136399448,0.49948307080194354
-0.4608482485637069,-0.6093878205865622,-0.272907436825335,-0.9099446497857571,-0.9869932406581938
0.7471587439067662,0.6355564864352345,0.9738310822285712,0.5447493405081332,0.692052953876555
0.047450178768485785,0.06938645243644714,0.16457628877833486,-0.3996870401315391,0.19435244519263506
-0.26542303431779146,0.580520655028522,-0.5500614042393863,-0.6320793475024402,0.08239658689126372
-0.08913055947050452,0.21236569061875343,0.12580785527825356,-0.21731621120125055,-0.08461772138252854
-0.4890954620204866,0.9618045417591929,0.6068025883287191,-0.3485192144289613,-0.2088764626532793
-0.23791815480217338,-0.4008416198194027,-0.9556583315134048,0.7633269871585071,0.17466794373467565
-0.734414953738451,0.3985873586498201,0.682041522115469,0.8435961464419961,-0.5631730295717716
-0.4071697616018355,0.6810381677933037,-0.33560172840952873,-0.8153414907865226,0.4892102391459048
-0.3961256970651448,0.8026079144328833,-0.12323900638148189,-0.7027545077726245,-0.5709044286049902
0.6766586238518357,-0.18763630371540785,-0.20887494878843427,0.17987158801406622,-0.6068341764621437
0.8444895949214697,0.505437565036118,-0.9936546897515655,0.7724817832931876,-0.10373657988384366
-0.3517266600392759,-0.921777531504631,0.48499524500221014,0.48625130392611027,0.167027925606817
-0.668379464186728,-0.4122816161252558,-0.7398520251736045,-0.1695332103408873,0.661605033557862
-0.056420224253088236,0.7197727872990072,-0.0488508315756917,-0.9807294025085866,0.3922168528661132
0.7123273052275181,-0.7332161497324705,-0.5014515537768602,0.3193079433403909,0.36283732019364834
0.6200271500274539,0.4446235145442188,0.08660711860284209,-0.3321194713935256,0.13819607021287084
-0.399768375325948,0.47411309462040663,0.465131844393909,-0.7544557098299265,0.31909270165488124
0.46851670602336526,0.9625146533362567,0.21168147306889296,-0.44940977869555354,-0.11625682469457388
-0.31298950547352433,0.7281260653398931,0.92818035883829,0.8617518274113536,0.6548730707727373
-0.8615923002362251,-0.7383067230693996,-0.38763158628717065,-0.964492195751518,0.7296460340730846
-0.21632655849680305,-0.7844834411516786,-0.6218766854144633,-0.80941630480811,-0.9207173972390592
-0.6483490341342986,0.8869749750010669,0.926845914684236,0.19731634017080069,0.5948059316724539
-0.7780527719296515,0.2627820516936481,0.129723378457129,0.16639010515064,0.7465577772818506
-0.4371341555379331,-0.1929904194548726,0.8906257590278983,0.1633553639985621,0.7720692795701325
-0.9241090239956975,0.8829569676890969,-0.9089388474822044,0.9862088519148529,0.4415486338548362
0.7022337624803185,-0.270762057043612,0.3736103232949972,-0.7585237859748304,-0.7364293285645545
0.9765885337255895,-0.9067753637209535,0.9027694836258888,0.7817724854685366,-0.2753970609046519
-0.5198260848410428,-0.553002648986876,-0.5227670064195991,-0.9326634439639747,-0.12126120738685131
-0.6421234961599112,0.00450808834284544,-0.2278914377093315,0.3178849723190069,-0.9919696701690555
0.8031880799680948,0.3400497888214886,0.7711329618468881,0.5959946843795478,-0.7502398197539151
-0.7227433091029525,0.8823143052868545,0.7398846661671996,0.9507763045839965,0.030842000618577003
-0.6832684357650578,-0.6944802021607757,-0.11493496131151915,0.06921435287222266,0.8866936867125332
-0.16981688747182488,0.7109290948137641,-0.24978424375876784,-0.779241943731904,-0.9014547797851264
-0.19086975697427988,-0.8348142113536596,-0.7050216253846884,0.47809233656153083,0.7084196773357689
0.6734271915629506,0.4774495675228536,0.8781971563585103,-0.9635896836407483,-0.9833114482462406
0.6282638828270137,0.2251727283000946,-0.9278612686321139,-0.4037576192058623,-0.5181044330820441
0.8405823367647827,-0.3148360284976661,-0.5274399779736996,-0.6878862557932734,-0.1255159853026271
-0.6377684534527361,0.8197381608188152,-0.04069590987637639,-0.16715395543724298,0.20713126985356212
0.9040826386772096,0.3280368195846677,0.9558825860731304,0.46373467333614826,0.12440629443153739
0.47275133803486824,-0.26379028148949146,0.8112802896648645,-0.6326568257063627,-0.1541980905458331
0.9754179916344583,-0.5736164073459804,0.29882644256576896,-0.702428525313735,-0.9327481198124588
0.4469622168689966,-0.16772175952792168,-0.05535640800371766,0.19471755530685186,-0.9232857888564467
0.4433194510638714,-0.7077999017201364,-0.07984185218811035,-0.8672585161402822,0.3069273242726922
-0.7473657326772809,-0.41163639444857836,0.7733737146481872,-0.07416272582486272,-0.7880199090577662
-0.88675372954458,0.23098627850413322,-0.9526574919000268,-0.47965744882822037,0.12739687226712704
0.08438931405544281,0.4198892689310014,-0.4077727380208671,0.9872876591980457,-0.4397640135139227
0.2494789306074381,-0.8743209759704769,-0.24953948706388474,-0.8428580393083394,0.4853128930553794
-0.6519166589714587,-0.9188436302356422,0.911624405067414,-0.013080588541924953,-0.44051894918084145
0.14861704967916012,-0.6605617897585034,0.7545855371281505,0.23213315289467573,-0.8512273859232664
-0.24439081456512213,-0.4799061589874327,-0.6694978279992938,0.35880948370322585,0.6241672923788428
0.47536806343123317,0.41920838644728065,-0.29836232820525765,0.1193317393772304,0.16257656831294298
-0.8552506151609123,0.8427952537313104,0.15951498644426465,-0.6204321393743157,0.5484469789080322
-0.2910291366279125,0.1221830970607698,0.4367893864400685,-0.7697139433585107,-0.9190791142173111
-0.3929448891431093,-0.36263917200267315,-0.513601163867861,0.10802429541945457,0.7497763629071414
-0.8020245875231922,0.995175858028233,0.9489831905812025,-0.7671901118010283,0.9014502577483654
-0.9444011012092233,0.4725110880099237,0.4832457983866334,0.8655662946403027,-0.3495042212307453
-0.9897306449711323,-0.05154244648292661,0.9554960974492133,-0.9183526774868369,-0.08206047210842371
0.20054345298558474,0.8166372738778591,0.5596728911623359,0.10576478391885757,0.4725127308629453
-0.45902373222634196,0.5848130565136671,0.14491051901131868,0.36818191036581993,-0.10203671781346202
0.1454658880829811,0.7552191214635968,-0.6329794796183705,0.35925061348825693,-0.7209992506541312
0.30377755453810096,0.4008021876215935,0.173289705067873,-0.7463635387830436,0.30283271335065365
0.3362058005295694,0.9778029606677592,-0.3155548516660929,0.76125763123855,-0.1906278650276363
-0.5376900481060147,0.2828879891894758,0.3698399681597948,-0.2914748159237206,-0.2736337184906006
0.7495042374357581,0.2895132494159043,-0.6903218901716173,-0.5859946114942431,-0.24892026232555509
-0.12888971250504255,-0.2602193602360785,0.9701599022373557,0.6032498092390597,0.2467511515133083
0.7197126452811062,0.5210236990824342,0.8662133715115488,0.2999806748703122,0.12776644388213754
-0.08091107243672013,-0.24393902905285358,0.7043797615915537,-0.670503384899348,-0.7236883090808988
-0.26456467248499393,0.7445590766146779,-0.3342889496125281,0.6431178487837315,0.9522204236127436
-0.6829100609757006,0.45020419592037797,-0.6772521510720253,-0.5590642737224698,0.8744799322448671
-0.41433266596868634,-0.9050213834270835,0.9657894726842642,0.7233411832712591,0.2170588937588036
-0.10233424650505185,0.9458314273506403,0.24363811407238245,0.4495028583332896,0.38812226196751
0.03795527666807175,-0.4358290545642376,-0.28939168713986874,-0.9824051889590919,-0.5809126808308065
0.13661297177895904,0.8648127280175686,0.4093741048127413,0.07093392871320248,-0.07740733167156577
-0.959816709626466,-0.8444565860554576,-0.6862777532078326,0.03671783395111561,0.29436671920120716
-0.017415440175682306,-0.4554990981705487,0.2559751612134278,0.48686720663681626,0.6976011767983437
0.36780068185180426,-0.29034235375002027,0.03952950844541192,-0.8006687327288091,-0.4307572850957513
0.09568055905401707,0.1691608428955078,-0.22461533080786467,0.7429691776633263,0.9022576524876058
-0.5848279781639576,0.4197441814467311,0.22784954914823174,0.6197932823561132,0.8692450318485498
-0.5852510533295572,-0.5899728913791478,0.12085227109491825,0.7905621798709035,-0.4964837897568941
-0.1872151419520378,-0.18292005127295852,0.7611633129417896,-0.5273997029289603,-0.9141276460140944
-0.7913855840452015,0.6672969311475754,0.8723655142821372,-0.4362158803269267,-0.5595982074737549
-0.8646231130696833,0.3865581904537976,-0.5398419522680342,-0.2601372008211911,0.18312428751960397
-0.42015592101961374,-0.8798978924751282,-0.5711495433934033,-0.43214055709540844,0.801208084449172
0.5265419934876263,-0.2917697331868112,-0.09408273920416832,0.20681653823703527,0.9120549592189491
-0.1200678744353354,0.1545961694791913,-0.4757097312249243,-0.43070974946022034,-0.06784550892189145
-0.9814704619348049,0.8588097612373531,0.8526971442624927,-0.7425573063082993,-0.17632252583280206
0.17482987232506275,0.9273566263727844,-0.7679234119132161,0.2114387582987547,-0.31059509329497814
-0.8500370741821826,-0.9775814446620643,0.037970676086843014,-0.9978280724026263,-0.952301652636379
0.7061723754741251,0.6940473830327392,-0.06555957207456231,0.9909742423333228,0.9612680445425212
0.2436569780111313,0.2516060145571828,0.9262911626137793,0.040662407875061035,0.23986149998381734
0.6306592617183924,-0.34958769334480166,0.9426810499280691,-0.27648115856572986,-0.46650155121460557
-0.9040637337602675,-0.5997141362167895,-0.5762597764842212,0.8751566973514855,-0.27240176778286695
-0.08822778146713972,0.1323652807623148,-0.41728946240618825,0.3459284878335893,0.2975528007373214
0.002372206188738346,0.488541379570961,0.508913372643292,-0.9039561902172863,0.3624691041186452
-0.9803854092024267,0.2274770918302238,0.5582531988620758,-0.16629497008398175,-0.8244689013808966
0.42951386980712414,0.37968491902574897,0.6376990717835724,0.0687097180634737,0.09105183929204941
-0.387839890550822,0.3307192041538656,-0.8890044880099595,-0.9637318095192313,0.8471922450698912
-0.2801345996558666,0.7369947154074907,0.017172948457300663,0.48505677515640855,0.7765757408924401
-0.4862848464399576,-0.318424494471401,-0.11527564562857151,-0.053338490426540375,-0.4921682788990438
0.44398298766463995,-0.9842063072137535,0.21255262941122055,0.3166073802858591,-0.08104029018431902
0.03951499005779624,0.9101187554188073,-0.10770263057202101,0.910239395685494,-0.8847988662309945
-0.9853080422617495,0.3319214414805174,-0.7583003803156316,0.32593077328056097,0.897909626364708
-0.8889497858472168,-0.2659871270880103,0.9152077655307949,0.013952746987342834,-0.4106852365657687
0.7811968736350536,0.7925427928566933,0.22606980940327048,-0.4443363295868039,-0.4806217849254608
0.3518559718504548,-0.21630052151158452,0.06576880905777216,-0.0336506892926991,-0.7860428397543728
-0.29212797386571765,0.6060409587807953,-0.9924585893750191,0.8492824262939394,-0.6717189392074943
0.402694599237293,-0.991504939738661,0.30337789468467236,0.18378496542572975,0.3085014191456139
-0.27272119279950857,-0.5110016446560621,0.7452359045855701,0.12352367397397757,0.7761144852265716
-0.5667651980184019,-0.861191070638597,0.06334036914631724,-0.9735033605247736,0.515031510964036
-0.2213075659237802,0.925155496224761,0.6985688591375947,0.4535860298201442,-0.7810370591469109
-0.8423767671920359,-0.42497166246175766,0.2715224800631404,0.09914895007386804,0.8710953877307475
-0.03737524524331093,-0.6376480082981288,0.6145685613155365,-0.3906498197466135,-0.3323953687213361
0.31379026360809803,0.8336932845413685,-0.8519030977040529,-0.9909107536077499,0.06704914523288608
0.0837640855461359,-0.03306985925883055,-0.8962968937121332,-0.39608498057350516,-0.9347936091944575
-0.4830975425429642,0.17211018316447735,-0.011370661202818155,0.7961759204044938,0.1705666366033256
0.24880148377269506,0.07473436975851655,-0.4528134036809206,0.3188887182623148,0.9471303098835051
-0.3469024421647191,-0.9005769151262939,0.9992635953240097,-0.7202111757360399,-0.45643996773287654
-0.22585164988413453,0.5533321816474199,0.29931727051734924,-0.5673329047858715,0.5284796711057425
-0.8402379914186895,0.1167886620387435,0.18080919422209263,-0.9749574852176011,0.08266914216801524
0.28040162194520235,0.33237530244514346,-0.8974182526580989,-0.27789703011512756,-0.14170774025842547
-0.5815772716887295,-0.08994753891602159,-0.06407772144302726,-0.4686137940734625,0.45389359118416905
-0.6217106734402478,0.7373826676048338,-0.10028994642198086,0.5501592559739947,-0.2762396768666804
-0.9338089590892196,0.18020484084263444,0.5713680433109403,-0.5298817157745361,-0.8938976116478443
0.7165887621231377,-0.30715150060132146,-0.4532716213725507,-0.08408087166026235,0.4758953135460615
-0.9575155386701226,-0.7754568075761199,-0.027821694500744343,0.3629363514482975,0.031070975121110678
-0.3693823083303869,-0.5835758447647095,-0.6751562445424497,-0.2067926973104477,-0.4783561294898391
0.5759056224487722,0.34155147336423397,0.5961444694548845,0.12601961428299546,-0.13379225973039865
-0.7584467404522002,0.5236819651909173,-0.7509903223253787,-0.6314815208315849,-0.14398939767852426
0.5959969284012914,-0.01854664646089077,0.03087930614128709,0.0798554327338934,-0.6305117127485573
-0.5916738649830222,0.006864672061055899,0.759483062196523,0.3849068130366504,0.1752977534197271
-0.2674123300239444,-0.8448287970386446,0.4572656457312405,0.9360706149600446,-0.21494109742343426
-0.02328228997066617,0.17613733420148492,-0.48212475795298815,0.5161578198894858,0.35818692157045007
-0.11760126426815987,-0.1106896479614079,-0.9122523828409612,0.8240317511372268,-0.4387801494449377
0.9619427067227662,0.15670624934136868,-0.4168036147020757,0.46630523819476366,-0.9972868598997593
-0.9316777647472918,-0.531693157274276,-0.8592206155881286,-0.06686794850975275,-0.20926060946658254
-0.03594092419371009,0.5721848011016846,-0.27816820051521063,0.6978821475058794,0.1652850192040205
-0.58715491136536,0.402734181843698,0.5434897276572883,0.5663516758941114,-0.9881368055939674
0.8440813920460641,-0.1399040282703936,-0.5473772794939578,0.8623938732780516,0.9044998539611697
-0.9864068068563938,-0.35529206972569227,0.26757540507242084,0.15150114614516497,0.9387108217924833
0.11337580205872655,-0.9881112221628428,0.7034783056005836,-0.07644840143620968,-0.8202672977931798
0.9522315580397844,-0.5165317771025002,-0.394086386077106,0.5358765185810626,0.40230173990130424
0.8793653948232532,-0.36786116613075137,0.43057679384946823,0.9680499345995486,-0.16086242673918605
-0.8032145691104233,0.34902919083833694,0.341343036852777,-0.40216754702851176,0.05030110711231828
-0.9227276337333024,0.8620433355681598,0.7609478733502328,-0.5362803740426898,0.045894292183220387
0.37345548579469323,-0.5614163973368704,-0.4021477662026882,0.06545608025044203,-0.10041225655004382
-0.47661515418440104,-0.6624983758665621,0.7868921705521643,0.6255433629266918,0.9608668340370059
0.11013425095006824,-0.10591172659769654,-0.10635118884965777,0.06556650344282389,-0.8170787948183715
-0.8288651136681437,-0.07588153379037976,-0.8949816441163421,-0.9397870097309351,-0.4166036960668862
0.8180549815297127,0.33970688097178936,-0.991855772677809,0.8976114210672677,-0.8191543966531754
0.5808144784532487,0.861907864920795,0.969813612755388,0.10109693324193358,-0.39315437572076917
0.0219146516174078,-0.6658805441111326,-0.16099426336586475,0.9366762097924948,-0.03757977392524481
-0.39300164114683867,0.8373383115977049,0.6635766187682748,-0.7983137732371688,0.4234326393343508
0.830747767817229,0.006736039184033871,-0.2515750783495605,0.45835020020604134,-0.8987970487214625
-0.24515969678759575,0.6758536333218217,-0.7365687703713775,-0.7089172080159187,0.6355832326225936
0.393041864503175,0.2873342130333185,-0.6176851186901331,0.8149800286628306,0.8399745966307819
-0.26950145652517676,-0.865624648053199,-0.09162052115425467,-0.8879749155603349,-0.29478552751243114
0.6023078239522874,-0.4340540049597621,-0.23835344379767776,0.8290392560884356,-0.3955200179480016
-0.9431227967143059,-0.751822647638619,-0.7018451043404639,0.8526861113496125,-0.4849176569841802
0.013923567719757557,-0.29018800565972924,0.5402753441594541,-0.8145243348553777,0.7916362257674336
0.11850187974050641,-0.35836237762123346,0.5788893448188901,-0.3388792872428894,-0.13844398315995932
0.932689396198839,-0.049109671264886856,0.19256266439333558,-0.36515384493395686,0.6074624271132052
-0.569165597204119,0.3367046108469367,-0.949865682516247,-0.6206555711105466,-0.7753519346006215
-0.5609022537246346,0.6164502729661763,0.5363650266081095,0.185458367690444,0.8416636437177658
0.2922199126332998,-0.30575730884447694,0.5518608414568007,0.4188400022685528,-0.762312472332269
0.23928080638870597,-0.6987084015272558,0.9702715734019876,0.6670947871170938,-0.38861006777733564
-0.6689792633987963,0.36591546330600977,0.5628134426660836,0.9239404015243053,0.6432465421967208
0.9362568072974682,0.07318323571234941,0.8627176377922297,-0.19694491289556026,-0.3896026536822319
-0.3966043614782393,0.949073061812669,0.972092698328197,-0.01728185173124075,-0.6204311456531286
0.5504823913797736,-0.14297357480973005,-0.023606212809681892,-0.4634821452200413,0.7189465072005987
-0.31147601129487157,0.9475771631114185,-0.21681134635582566,-0.27638969430699944,-0.8195065381005406
-0.5859854267910123,0.8684868291020393,0.7147992625832558,-0.2205000314861536,0.921948672272265
-0.6143141542561352,-0.8486872348003089,0.33288255939260125,0.3467635028064251,-0.4531317539513111
-0.05391396675258875,0.6604843963868916,-0.20896174106746912,-0.9954900252632797,-0.6082997024059296
0.12215241929516196,-0.963349656201899,0.297355230897665,-0.41000261763110757,-0.540458279196173
0.28149461559951305,0.3142816135659814,0.36569430073723197,0.9740276224911213,0.5226632175035775
-0.49509717198088765,-0.49053763737902045,-0.2129163104109466,-0.01503161620348692,-0.26786890951916575
-0.412410453427583,-0.9183863652870059,0.08982186997309327,-0.006363314110785723,-0.005244363099336624
0.14869997836649418,0.8963676248677075,-0.00823878450319171,-0.5926256468519568,0.32726377760991454
-0.7136593176983297,0.15322759747505188,-0.5353551702573895,0.3410519161261618,0.08845625491812825
-0.44585066195577383,-0.2860038331709802,-0.28758861450478435,0.515334518160671,-0.07281734701246023
-0.06944089056923985,0.17230393970385194,0.5578582030721009,-0.24596386775374413,-0.6628923187963665
0.7089244890958071,0.7063294472172856,0.6667553428560495,-0.8255443493835628,0.4434616519138217
0.03347664559260011,-0.975448667537421,0.7011115849018097,-0.1581349354237318,0.41755149560049176
-0.8581962734460831,-0.266140544321388,0.3074287073686719,-0.9682769761420786,-0.45727977715432644
0.4070059433579445,-0.3177761775441468,-0.6364344172179699,0.32167852809652686,0.3304131580516696
-0.45861644204705954,-0.9491007118485868,0.3250014469958842,-0.4699158873409033,-0.8688352811150253
-0.07794540142640471,-0.6204353119246662,0.07998332427814603,-0.1267890646122396,0.07332459837198257
0.0617070822045207,0.07350507192313671,0.9586831778287888,-0.6536290324293077,-0.3255724413320422
0.8505067345686257,-0.5263622575439513,-0.42032264498993754,-0.6175761097110808,0.41360088624060154
0.5457523763179779,0.853575574234128,-0.5316746467724442,-0.15354751097038388,0.739362551830709
0.6911175595596433,-0.8571459637023509,-0.5972653785720468,-0.22071998147293925,0.26888568280264735
-0.6731570772826672,0.2503144736401737,0.347905152477324,-0.434914309065789,-0.41130565013736486
0.8222191664390266,-0.9185035796836019,-0.1779767768457532,-0.7008607625029981,-0.8549784291535616
-0.5392271215096116,0.2527199862524867,0.8856385885737836,0.10411072801798582,-0.015419745817780495
0.8436204246245325,-0.4523867196403444,-0.040643023792654276,0.8080240353010595,0.21276439540088177
-0.2278696345165372,0.8239992447197437,-0.886489896569401,0.25368373468518257,-0.9770850632339716
-0.46461236476898193,-0.04133619461208582,-0.15745500335469842,-0.2882245918735862,0.08729129983112216
0.12308678077533841,0.5399461961351335,0.7714943466708064,-0.7963287206366658,-0.2889980850741267
-0.11245467141270638,0.21947462065145373,0.724568828009069,-0.6360663031227887,-0.09749509207904339
0.6293797488324344,-0.33686254546046257,0.9352935361675918,0.8758365949615836,-0.7008394934237003
-0.17779871774837375,-0.7395868320018053,0.3860233100131154,0.45168686006218195,0.2544486322440207
-0.10692743677645922,-0.22974955523386598,-0.5294102779589593,-0.5199837260879576,0.9699865821748972
-0.23448672704398632,0.43162814853712916,-0.930397130548954,0.975189661141485,0.12141257291659713
0.530292569193989,0.7706939564086497,-0.05872855056077242,0.12286096904426813,0.2768905679695308
-0.4003735142759979,0.8699299907311797,-0.8621711255982518,-0.03859964897856116,0.5535775306634605
0.672309426125139,-0.41840087715536356,-0.9449122985824943,0.2219699863344431,0.952325058169663
0.0023212293162941933,0.8040501805953681,-0.3032180783338845,0.23526056809350848,0.18896846380084753
-0.5219502584077418,0.886154183652252,-0.48815600015223026,0.13174392748624086,0.3309024670161307
-0.5365412323735654,0.6259767930023372,-0.4176520244218409,-0.3687606090679765,-0.41059468826279044
0.19677199190482497,0.6042859852313995,0.43716557044535875,-0.41917596757411957,0.1351910224184394
-0.08436982659623027,0.31938408641144633,0.4490856444463134,-0.6180657739751041,0.8483765064738691
-0.833616625983268,0.9012483432888985,-0.4011909030377865,-0.06206967309117317,-0.2788679366931319
0.07157238619402051,0.9436150318942964,-0.5715600419789553,0.34233317943289876,-0.7544155782088637
0.4570636795833707,-0.788628357462585,-0.7394912899471819,-0.9596451474353671,0.3486067643389106
-0.7618086128495634,0.05955337546765804,0.03469336777925491,-0.16958813276141882,0.9192998586222529
0.5276146554388106,0.5678278994746506,-0.058860066812485456,-0.21993154613301158,-2.574864774942398e-4
-0.792435416020453,0.4966199486516416,0.294516256544739,0.20131517807021737,-0.24238658649846911
-0.01299116900190711,0.9691797574050725,0.2951756785623729,0.3955784677527845,0.010702203959226608
-0.0514593617990613,-0.6043176320381463,-0.3837227812036872,-0.48531700810417533,0.84511709632352
-0.9007041119039059,-0.7619271352887154,-0.8748092716559768,0.29417082853615284,-0.02284416975453496
-0.7985441349446774,-0.6876271683722734,0.1718555223196745,-0.4182922807522118,-0.43887704936787486
-0.3840273041278124,-0.6562034972012043,0.7228287337347865,0.36687197629362345,-0.723094210959971
0.6166216731071472,-0.6797744473442435,0.8021944928914309,-0.12268297281116247,-0.0816298434510827
-0.4148558108136058,0.22009220160543919,-0.26916107535362244,0.3417577804066241,0.8979563345201313
0.4617550987750292,-0.5964778447523713,0.8264456116594374,-0.6329144714400172,-0.2188682141713798
0.7155749169178307,-0.4450472490862012,-0.0329024912789464,0.11044538114219904,-0.7303429725579917
0.7130012512207031,-0.8594347168691456,0.7864036583341658,-0.7068481165915728,0.5468538114801049
-0.857833749614656,0.7261976129375398,-0.9229001770727336,0.3137323637492955,0.005810829810798168
-0.1871396405622363,-0.7474369551055133,0.1976065174676478,-0.12596919434145093,0.03161617321893573
0.9383469983004034,0.030432686675339937,0.9785333820618689,0.9209533259272575,0.5583113320171833
-0.976922242436558,-0.8806925350800157,-0.7095082425512373,-0.09380402322858572,-0.4456237438134849
-0.03439018130302429,-0.018022237811237574,-0.6017243298701942,-0.41825358802452683,-0.10642626183107495
-0.9483125619590282,-0.2212610524147749,-0.49932139459997416,0.6816725018434227,0.001413810532540083
-0.17731621395796537,-0.8171059233136475,-0.8764737457968295,0.13008477352559566,-0.22418342344462872
-0.582219934090972,0.73724444815889,0.06020691292360425,0.8307393067516387,0.9675944889895618
-0.5633998275734484,-0.6914405077695847,0.12684291554614902,0.3342331722378731,-0.8006449081003666
-0.8378929919563234,0.5972692407667637,0.5653060837648809,-0.2581742969341576,-0.6877451660111547
0.09420326305553317,0.6620638882741332,-0.9717034944333136,0.5426048771478236,0.9267096752300858
0.057142671663314104,0.47583541832864285,0.01837242068722844,0.9669494954869151,0.847593916580081
0.7546409405767918,-0.12207693280652165,-0.8872969117946923,0.7302842438220978,-0.6191409127786756
0.01310097984969616,-0.5638262862339616,0.4693936826661229,-0.49844331154599786,0.2982571511529386
0.5617009331472218,-0.49136831937357783,0.8540243851020932,-0.28709464659914374,-0.9491345789283514
-0.6126831308938563,0.29452089965343475,0.3440221999771893,0.7115171630866826,0.3039719592779875
0.19991224678233266,-0.5081774992868304,0.3207698934711516,-0.1600415171124041,-0.5167238935828209
-0.7061023153364658,-0.7427402646280825,0.3750874171964824,-0.4917521830648184,-0.18557508382946253
0.13734058011323214,-0.629224659409374,-0.8957476099021733,-0.27032296592369676,-0.11843588436022401
0.9117732704617083,-0.784161482937634,-0.9416481065563858,0.45028574019670486,0.2110595046542585
0.43505016155540943,0.18226858135312796,-0.8943836926482618,-0.5072028944268823,0.9541698303073645
-0.14859643951058388,0.23505830392241478,-0.4189904252998531,-0.49408003874123096,0.7045909287407994
-0.5196422119624913,-0.10217301081866026,-0.5233356272801757,0.16729160910472274,-0.6107407980598509
0.7146854088641703,-0.15056251036003232,0.45022856816649437,-0.8372623804025352,-0.38417177088558674
-0.3472929415293038,0.5621959902346134,-0.6504554962739348,0.8988848840817809,-0.9416578700765967
-0.6459440225735307,0.8666431070305407,0.6922395573928952,0.3931037299335003,0.670799492392689
0.6070273504592478,-0.4909923099912703,-0.8493521879427135,0.049928400199860334,-0.651413292158395
-0.200269119348377,-0.44748223945498466,-0.10569348139688373,0.22478797752410173,-0.5681343679316342
0.8912489460781217,0.6434248019941151,0.6201524659991264,-0.944456007797271,-0.7782418774440885
-0.1540811532177031,0.4905828726477921,-0.48588366340845823,-0.21294385474175215,0.5938713159412146
-0.5046494551934302,0.06111646490171552,-0.16868705255910754,-0.5090976557694376,-0.7602964136749506
-0.35491234343498945,0.3756998125463724,-0.24011689238250256,0.9724623411893845,-0.5008287276141346
-0.9933686004951596,0.6230699946172535,0.008918373845517635,-0.6316232453100383,-0.09651410486549139
0.16824583243578672,0.5056763454340398,0.3809854555875063,0.36905986862257123,0.05958088207989931
0.639596089720726,-0.5793956690467894,0.1309365755878389,-0.9058691561222076,0.7135149757377803
0.07529597729444504,0.7090650387108326,-0.6886613499373198,0.36084423772990704,-0.583640577737242
-0.5263005895540118,0.8099654116667807,0.20582662196829915,0.6704647350125015,-0.08965784125030041
-0.9743138658814132,0.11102717090398073,-0.04828394250944257,-0.14297713851556182,0.57208436075598
-0.8134756977669895,-0.387536380905658,0.4181915782392025,0.26614795438945293,0.37371000414714217
0.6849646167829633,0.33461993653327227,0.21629891591146588,0.06170021556317806,0.7824776587076485
0.038847383577376604,0.9301516548730433,-0.4961273963563144,0.45226011937484145,0.8264831532724202
0.5901824245229363,-0.15949824173003435,-0.09969837823882699,0.05133965099230409,0.5371186039410532
0.9101553154177964,0.6618366385810077,-0.08416863111779094,-0.1095447801053524,-0.66704459534958
0.3154645976610482,-0.3623369913548231,0.4723722096532583,0.5240765907801688,0.797717846930027
-0.5539837768301368,-0.814072803594172,0.1581072355620563,-0.03588186111301184,0.9308123444207013
0.655100601259619,-0.21410698350518942,0.08472331194207072,0.5749445054680109,-0.7225963291712105
-0.2605903116054833,-0.24401835724711418,0.790486722253263,-0.29349296167492867,-0.02605149708688259
0.1526729785837233,0.2906786180101335,-0.43500044476240873,-0.23885268904268742,0.8242247132584453
-0.595536052249372,0.6566405319608748,-0.6933809714391828,-0.337868248578161,0.05344275292009115
-0.7784231323748827,0.37333655171096325,0.1731236707419157,-0.41191875096410513,-0.28446334321051836
-0.5469779204577208,-0.9581608134321868,-0.9642755072563887,0.5587305873632431,-0.7443478796631098
0.3012791336514056,-0.9136538212187588,-0.8402476734481752,-0.5923026846721768,0.9076339569874108
-0.7334545212797821,-0.1926554935052991,-0.5710842702537775,-0.9835640252567828,0.8782564969733357
-0.7554804063402116,0.7798727881163359,-0.04840590711683035,-0.046946764923632145,-0.7854160452261567
0.05545019777491689,0.953465667553246,-0.473698444198817,0.2693132059648633,0.3668432175181806
0.38093594182282686,-0.36377911269664764,-0.46067593386396766,-0.200655787717551,-0.45342042576521635
-0.6047849650494754,0.738121263217181,0.8320722104981542,-0.38896262692287564,0.4703875076957047
-0.997401440050453,0.06587877962738276,0.8117171893827617,-0.4282590327784419,-0.17134684976190329
0.3257437297143042,0.5238375212065876,0.03321998240426183,-0.10364409675821662,0.1640701936557889
0.16846812097355723,-0.26662896340712905,0.018797967117279768,0.1288105514831841,0.9376384997740388
0.1565968059003353,-0.9138670545071363,0.1610524537973106,0.8523504477925599,0.42516744462773204
-0.8285450194962323,-0.8875834341160953,0.28235199209302664,0.45568814082071185,-0.7086625210940838
0.8148799231275916,0.3016418479382992,0.3381082690320909,-0.595026102848351,-0.565709590446204
0.3464625799097121,0.42313119303435087,-0.9062862913124263,-0.8970586671493948,-0.5984388338401914
0.4416039795614779,-0.820344986859709,0.1889533018693328,0.48595402017235756,-0.19729422871023417
-0.8668647459708154,0.9747690642252564,0.3580129905603826,-0.9082089788280427,0.47851011203601956
-0.5349526582285762,0.48943071672692895,-0.9770700326189399,0.38177933357656,0.9609098685905337
0.533247928135097,-0.7196473609656096,-0.6097119059413671,-0.9945345739834011,0.41357052931562066
-0.7836219654418528,0.6179502969607711,0.43763082195073366,0.12204591277986765,-0.28908175602555275
-0.8448183950968087,0.4127755556255579,0.39541973965242505,0.03739297483116388,-0.18612849758937955
0.5700633334927261,-0.2845150101929903,0.7297351276502013,-0.6066615004092455,-0.400419476442039
-0.29996993066743016,0.08433614671230316,0.3291459893807769,0.5103799216449261,0.05743141192942858
-0.9911497128196061,-0.2844209228642285,0.7505245464853942,-0.33099650917574763,0.7139769452624023
-0.6563468063250184,0.8440554672852159,-0.012692929711192846,-0.8697691797278821,0.4380745654925704
0.7645990750752389,0.18299430748447776,-0.8374630664475262,0.8027252210304141,-0.5246116332709789
0.0388773325830698,-0.2200781456194818,-0.7949210428632796,0.8484844863414764,-0.7422175076790154
-0.29488745890557766,0.48674643179401755,-0.11646812222898006,0.31604617135599256,0.4060883205384016
-0.711461000610143,-0.5097445887513459,0.665906366892159,-0.004556542728096247,-0.5870235436595976
-0.5959848966449499,0.1895415959879756,-0.09271478233858943,-0.9668180015869439,-0.09816561313346028
0.7254441794939339,-0.6595658790320158,-0.005167826544493437,-0.30019119707867503,-0.8059960068203509
0.6298114629462361,0.8283795425668359,-0.893270080909133,0.45640676748007536,0.7493062554858625
0.6692975331097841,0.13198591023683548,-0.631465619429946,0.1428332095965743,0.703957911580801
-0.4453314724378288,0.37285860534757376,0.10076480358839035,0.2509034243412316,0.8014079262502491
-0.0024511562660336494,-0.9087950261309743,-0.20064005255699158,-0.5952370623126626,-0.050988445058465004
-0.0195799320936203,-0.363171040546149,0.20416701026260853,0.7027169223874807,0.31593752885237336
-0.0035859234631061554,0.15785300265997648,-0.9371198141016066,-0.6829432374797761,-0.2117588114924729
-0.7035453785210848,-0.3989483257755637,0.11680043861269951,0.3715000874362886,0.6097837369889021
0.31753619061782956,-0.9388323528692126,0.6440055365674198,0.14784993743523955,0.18422614922747016
0.035363614559173584,-0.10128357633948326,-0.11727002635598183,-0.23970176605507731,-0.8767411569133401
-0.9031085218302906,-0.8507415996864438,-0.48342716973274946,0.8887767610140145,0.03183961799368262
-0.16919442638754845,0.59573860373348,-0.850041682831943,0.6990105891600251,-0.12996256770566106
0.9697493514977396,-0.6298940218985081,0.7463814481161535,0.7865753211081028,-0.2945980476215482
0.7347009279765189,-0.24991923477500677,0.4831937812268734,-0.9761213567107916,-0.1511028935201466
-0.9342289171181619,0.5379384062252939,-0.26584399538114667,-0.3796131885610521,-0.580380467697978
0.7695463364943862,-0.09534608060494065,0.6400604592636228,-0.5021869610063732,-0.6546594444662333
-0.8634841935709119,0.6164056486450136,-0.44886413775384426,-0.8796358881518245,0.978608722332865
-0.37686556577682495,0.9579346440732479,0.8540514404885471,-0.661862428765744,-0.041210670955479145
-0.3396860919892788,-0.8040950805880129,-0.598422194365412,0.3763750223442912,0.6205554129555821
-0.9871817622333765,0.7653135834261775,-0.8394443970173597,0.7791905542835593,0.9947921200655401
-0.00731679005548358,0.4501538681797683,0.6248905761167407,-0.8004385498352349,-0.9427431528456509
-0.2934881551191211,-0.3246447532437742,0.13073430582880974,0.5940271252766252,-0.05123358219861984
0.8657005960121751,0.004334618803113699,-0.7323942570947111,-0.014750014059245586,-0.21465129498392344
0.2517859870567918,0.5584474862553179,-0.2693922738544643,0.6315853223204613,0.41072986787185073
0.36003737756982446,0.5298894476145506,0.7071708142757416,-0.21077041095122695,0.7551340074278414
0.3272734908387065,-0.5779206906445324,-0.7006325614638627,-0.796681372448802,-0.12539511639624834
0.1799961975775659,0.5767242461442947,0.8653745101764798,-0.24135293113067746,0.6009531952440739
-0.7010727869346738,-0.3230170295573771,-0.8997450177557766,-0.11498691001906991,0.9047788227908313
-0.3518012212589383,-0.04676051391288638,0.303044889587909,0.8962653405033052,-0.7541344636119902
-0.7752172825857997,0.24111140053719282,-0.5990614122711122,0.251207428984344,-0.12749458150938153
0.5187891866080463,-0.0972561682574451,0.7083992650732398,0.8636376345530152,-0.6056648869998753
0.7324319779872894,0.17147979233413935,-0.38259400334209204,0.9843611759133637,-0.40789450285956264
0.946127369068563,0.6928446050733328,-0.21584901213645935,0.35505909100174904,0.8398200767114758
-0.44309347588568926,0.20293845515698195,0.6969585628248751,0.8034722283482552,0.13220925349742174
0.9586229822598398,-0.6333700106479228,0.09985266905277967,-0.3858064697124064,0.7004857333377004
0.21082595456391573,0.9114975417032838,-0.1697130580432713,0.4478325736708939,0.4591021416708827
0.34929146338254213,0.3572954344563186,-0.5151857701130211,-0.20516154495999217,0.3355673202313483
-0.4589746380224824,-0.03927556425333023,0.14833403332158923,-0.18230872880667448,-0.11453845910727978
0.009236033074557781,-0.6509177424013615,-0.1687754695303738,-0.8658863985911012,0.6304082530550659
0.8568156040273607,0.26748945424333215,-0.8976070173084736,-0.9365813052281737,-0.5873615052551031
0.04421558137983084,-0.3303530919365585,-0.40907360799610615,0.42476988676935434,-0.8938112524338067
0.7270974339917302,0.6909308256581426,-0.02244655229151249,0.21731102280318737,-0.5140007510781288
0.4029181720688939,0.6594121274538338,0.6728631751611829,-0.11545127676799893,0.14861145010218024
-0.25789618119597435,0.20109581900760531,0.7967539210803807,-0.882021245546639,-0.8109464524313807
-0.27988292230293155,0.14581841696053743,0.3307896521873772,-0.5198001847602427,-0.9816691656596959
0.5312647367827594,-0.3890626886859536,0.3219070681370795,-0.6294242274016142,-0.39527294132858515
-0.25270264269784093,0.7041182117536664,0.280498128850013,-0.1320055448450148,0.7433358044363558
-0.7798624336719513,-0.5916671440936625,0.3723954535089433,-0.849537352565676,0.7833569548092782
-0.96962318290025,-0.11486651003360748,0.8702608551830053,-0.1506726061925292,-0.38273961562663317
-0.7762753930874169,0.530845164321363,-0.07611866760998964,-0.8081397321075201,0.003095471765846014
-0.16036640852689743,0.020548653323203325,-0.013814556412398815,0.7823368790559471,-0.4487404264509678
-0.7925925408490002,-0.9004173590801656,0.7786805252544582,0.5750733688473701,0.973929749801755
0.7571584777906537,-0.20271555380895734,0.7969859070144594,0.7200184343382716,-0.22241460485383868
-0.9272324135527015,-0.12317665992304683,0.9474451262503862,-0.5448919967748225,0.6926607452332973
-0.23489423701539636,-0.27254661498591304,0.816184529569,-0.5609340323135257,-0.9345166883431375
-0.18890385190024972,0.33425694704055786,0.01791866449639201,0.6424926109611988,0.933101303409785
-0.1582035943865776,0.27812130050733685,0.39592146687209606,-0.2478037178516388,0.3064123331569135
-0.41288637975230813,0.19411630043759942,0.4290694077499211,-0.8921165456995368,-0.8551796255633235
0.9704800443723798,-0.1319312578998506,-0.13472858304157853,-0.35776367178186774,-0.5553989261388779
-0.5081721339374781,0.45300268242135644,-0.9858935954980552,0.3869117428548634,0.20839705923572183
0.9735590177588165,-0.9958939333446324,0.4988918653689325,-0.5982402302324772,-0.058179667219519615
0.6192598300985992,0.7349380771629512,-0.24256000760942698,0.19597379863262177,-0.46865697763860226
-0.7287125941365957,-0.5643611452542245,-0.37579174619168043,0.15325465379282832,0.6568981977179646
0.9550781222060323,-0.5955813289619982,0.0628944942727685,0.9767930544912815,0.1327604935504496
-0.3938810583204031,0.4197058114223182,0.33346567675471306,-0.9516544574871659,-0.6275149388238788
-0.3519771401770413,-0.6483690990135074,0.3737944602034986,0.8789202603511512,0.14190991129726171
0.2958835125900805,0.08721800008788705,0.7655902039259672,-0.36871308041736484,-0.04949680948629975
-0.20065672043710947,-0.33487492706626654,-0.010739251039922237,-0.6739574265666306,0.3210112121887505
0.5740774096921086,-0.006816182751208544,-0.8777489908970892,-0.09583174949511886,0.779608943965286
0.6658154143951833,0.37713994877412915,0.4725302061997354,0.2824762505479157,0.7304524392820895
-0.5054140049032867,-0.741890269331634,0.04776409175246954,-0.6059609944932163,0.6942032938823104
0.2365428409539163,0.13973543234169483,-0.23716796701774,0.9609437682665884,-0.5888269795104861
0.1700775590725243,-0.8078233627602458,-0.6674801046028733,-0.7899200958199799,0.7185125756077468
-0.6984646650962532,0.8149575237184763,0.20076363673433661,-0.024011364206671715,-0.9832504685036838
-0.5107509125955403,0.9840991161763668,0.743344793561846,0.6844138926826417,-0.41139110922813416
-0.3399417418986559,-0.4417015672661364,0.30412225937470794,-0.04025651654228568,-0.10306107066571712
0.09221201669424772,0.011921573895961046,-0.11877567693591118,0.0804874012246728,-0.09180663665756583
0.9048798568546772,0.32476672530174255,0.74159688455984,-0.7511684815399349,0.07493370119482279
-0.897934271954,-0.21118804952129722,0.7415295667015016,-0.006345861591398716,0.7874114904552698
0.1920606535859406,0.9155215942300856,0.4114230293780565,0.22649148665368557,0.30290832417085767
-0.3153325542807579,-0.4586760504171252,-0.9435364725068212,-0.8402197505347431,0.8131236424669623
-0.704824891872704,-0.06022862857207656,0.7705738223157823,0.8871280336752534,-0.13600242231041193
-0.031978333834558725,-0.30245723854750395,0.6813865192234516,0.2164328652434051,-0.42167049553245306
-0.452485840767622,-0.6868920284323394,0.40341746900230646,-0.2740022554062307,0.05584922060370445
-0.2189044957049191,0.883803809992969,-0.5412488505244255,0.1699612969532609,-0.13177452189847827
0.474370292853564,0.30918023316189647,-0.7072959872893989,0.7159278462640941,-0.9417669703252614
-0.2449676082469523,0.3533212188631296,0.8491566302254796,0.5629732855595648,0.17984643438830972
0.6520127071999013,-0.6533934571780264,0.837008842267096,0.3999937018379569,0.1699122879654169
0.9278361545875669,0.1803558375686407,0.46489565167576075,-0.4948996785096824,-0.4822694626636803
0.8987880512140691,-0.6864273850806057,0.792101688683033,-0.3325452278368175,-0.21021190751343966
0.9487107158638537,-0.8061290453188121,0.7940074070356786,0.607357217464596,-0.47726772679015994
-0.06179077085107565,0.9922599638812244,0.6954536270350218,-0.26410794584080577,0.9270936278626323
0.3332483056001365,-0.6097762766294181,0.6537211160175502,-0.4657512786798179,0.24608326936140656
-0.9829150293953717,-0.13954170048236847,-0.47657066071406007,-0.4068978801369667,0.027779383584856987
0.8846117798238993,-0.15303829405456781,-0.8771051517687738,-0.26815895922482014,-0.762577585875988
-0.7775241234339774,-0.49108591582626104,0.4674555673263967,-0.28829534631222486,0.5801187953911722
0.24953322252258658,0.8849950777366757,-0.3355298829264939,0.7811718848533928,0.2079936065711081
-0.6824184604920447,0.03159444872289896,-0.4245580122806132,0.7327601131983101,-0.31330310832709074
0.8552894671447575,-0.8388567068614066,0.5688283541239798,-0.8640916664153337,-0.006689589470624924
-0.0723795834928751,0.5966038429178298,0.12513978453353047,0.617136768065393,-0.08638421585783362
0.1816753800958395,0.2809861018322408,0.3730642795562744,0.268055809661746,-0.9122758181765676
0.30736575089395046,-0.1656110268086195,0.766789274290204,-0.8758354685269296,-0.7718237182125449
0.1545072142034769,-0.4186396789737046,-0.5459884409792721,0.40947207994759083,0.06569079915061593
0.2798183402046561,0.579099684022367,0.9512619255110621,0.6599071891978383,0.6628129300661385
-0.04109265189617872,0.12028294149786234,-0.628795103635639,0.3005980234593153,-0.3442387916147709
-0.5211629359982908,-0.5241129701025784,-0.11072629084810615,-0.6503025395795703,-0.5838007596321404
-0.5234276340343058,-0.00959184393286705,0.5381172974593937,-0.5856612212955952,0.7806261093355715
-0.30635868897661567,0.6282149674370885,0.40432002721354365,-0.9703134596347809,0.4165321816690266
0.45300467032939196,-0.26154809538275003,-0.894780176691711,-0.2755787055939436,-0.8428567238152027
0.16441860608756542,-0.4477404970675707,0.6428469107486308,0.6388297784142196,0.10780622577294707
-0.745465790387243,0.9852747190743685,0.3715914776548743,-7.979418151080608e-4,0.3148537939414382
0.8440943690948188,0.9575256686657667,-0.5741127892397344,0.5351883633993566,0.9776226878166199
-0.6667392193339765,-0.16758258361369371,-0.13230449566617608,-0.6297800610773265,0.834360237699002
-0.4034444415010512,0.9708809675648808,-0.8282619859091938,-0.8152023367583752,0.2540344959124923
-0.6921918326988816,-0.5807941774837673,-0.2288235710002482,-0.2844832628034055,-0.05747245019301772
-0.5272177904844284,0.6251770756207407,0.5732400375418365,-0.09588211635127664,0.6715050307102501
0.43453293247148395,0.630613163113594,0.6884870310314,-0.8778090719133615,-0.9161849310621619
0.014537092298269272,0.32867610454559326,0.19003101903945208,-0.6883119894191623,0.34295618813484907
-0.12703508464619517,-0.968672591727227,0.27556412667036057,0.2897732127457857,0.3800660106353462
-0.7006284594535828,0.5324695087037981,-0.9971705554053187,-0.998738493770361,0.6525197108276188
-0.5523511506617069,0.14897669292986393,-0.33737971587106586,-0.3918759715743363,0.34767301054671407
0.8176502827554941,-0.7856356464326382,0.5328392628580332,0.07961665047332644,-0.8482416272163391
-0.35255896719172597,0.7267706268467009,-0.3453315133228898,0.11242591124027967,-0.2282861890271306
-0.7402119725011289,0.8752319267950952,-0.41139320796355605,0.516765458509326,-0.6513075106777251
0.01267971657216549,0.6051096762530506,-0.7693018675781786,-0.15866001462563872,-0.7707532709464431
0.2874684608541429,0.7944745132699609,0.7930564261041582,-0.9825534410774708,-0.36656557908281684
0.015202171169221401,0.6306395097635686,-0.42494253860786557,0.2677294318564236,0.15154073713347316
-0.6883601401932538,0.5128242503851652,0.4425473725423217,-0.1918888995423913,-0.9116552327759564
0.034768959041684866,0.7064613285474479,-0.3402108424343169,0.7913001705892384,0.38495766231790185
0.4992916388437152,0.10806599026545882,0.5832492969930172,0.2060624179430306,-0.09825889952480793
0.15621932689100504,-0.4585133856162429,0.5480202161706984,-0.24078752286732197,-0.7880456964485347
-0.18988435389474034,-0.7728054565377533,-0.6748911468312144,-0.004372854717075825,0.6163648860529065
-0.813746742438525,0.619204503018409,0.9892958849668503,0.7594336816109717,0.016722986474633217
0.024750547017902136,0.03321354556828737,0.3120612818747759,0.29184754472225904,-0.33714259043335915
0.43161418521776795,0.6161853256635368,0.45845350064337254,0.6607684260234237,-0.867272880859673
-0.015638331416994333,-0.3527222163975239,-0.5215947204269469,-0.57482195645570755,0.46430669631808996
0.4559408752247691,-0.6176527552306652,0.7943094433285296,-0.5156914032995701,0.35765593592077494
-0.9191636247560382,-0.17168969102203846,0.8793448014184833,-0.8464645082131028,0.19110281392931938
0.27563622454181314,-0.065115868113935,-0.9932419396936893,0.10124217811971903,0.28572651324793696
-0.15950787905603647,-0.2080315169878304,0.5064746523275971,0.08179267356172204,0.17860953137278557
0.3471142891794443,0.1979758865199983,0.44727958971634507,-0.3814371912740171,0.04145953990519047
0.27454496501013637,0.576583806425333,-0.06715254625305533,-0.03855551453307271,0.4064546348527074
0.11359364911913872,-0.9064326696097851,-0.5400970983318985,0.8280125642195344,-0.2792616658844054
0.11347770830616355,0.6392248277552426,-0.058856613002717495,0.5624013650231063,-0.6018646960146725
-0.9458845537155867,0.7532800482586026,0.19103828258812428,0.1089103389531374,0.9138815361075103
-0.32659853575751185,-0.30444079264998436,-0.8390155364759266,0.42949678795412183,-0.13012866815552115
-0.7634122748859227,-0.14386832900345325,-0.5244735740125179,-0.4394737551920116,0.9644986526109278
-0.40245808474719524,-0.2608557087369263,0.29551397217437625,0.3508321684785187,-0.15736825112253428
0.0995478224940598,-0.2922356859780848,-0.5291329603642225,0.2817187672480941,0.724407097324729
-0.4952911473810673,0.24936713883653283,-0.3266668375581503,-0.1737609338015318,0.5935062938369811
-0.6912048109807074,0.8342359783127904,-0.12570593459531665,-0.5937821725383401,0.5630535325035453
0.4397402238100767,0.035142424050718546,-0.0385739216580987,-0.7412999956868589,-0.7858025105670094
0.9927842444740236,0.5621373332105577,0.632819190621376,0.3103329255245626,0.4515651226975024
0.8395233838818967,-0.818981175776571,0.8472113138996065,0.13314216630533338,0.5163465859368443
-0.026098794769495726,0.30720249796286225,0.6003499045036733,0.9985090685077012,0.08110775006935
0.46221788926050067,-0.01423981273546815,0.14091599127277732,0.819126492831856,-0.07027184404432774
-0.11950148455798626,-0.7673228844068944,0.27855463698506355,0.4886189205572009,0.2906968607567251
-0.17615974508225918,-0.839256786275655,-0.9519852413795888,-0.9718495905399323,-0.5913142855279148
0.19340648176148534,0.38643083116039634,0.7660983493551612,0.2573599056340754,0.05130794970318675
-0.67908421996980906,-0.6175626064650714,-0.8938439367339015,0.3193831709213555,-0.29351262329146266
-0.4120442536659539,0.5821076864376664,0.4965660572052002,0.0948529988527298,0.9744226462207735
-0.6505865417420864,-0.7193007934838533,-0.6772695039398968,-0.6603148374706507,0.38353742426261306
-0.5911760181188583,-0.5876233843155205,0.3944297810085118,0.8957485826686025,0.7453030901961029
-0.963237666990608,-0.15766631392762065,-0.6208035084418952,0.26798023795709014,0.15395436622202396
0.3667127168737352,-0.3078033276833594,0.4339898144826293,0.3232221370562911,0.56747882720083
-0.1957890777848661,0.6221980834379792,0.6621249034069479,-0.6172983199357986,0.47741860523819923
0.3745619230903685,0.8384669316001236,-0.1748211500234902,0.33452809881418943,0.12531180027872324
-0.8450010875239968,-0.07133189402520657,0.23895360762253404,0.9500401690602303,-0.3078216193243861
0.9398004049435258,0.06953576533123851,-0.9360019625164568,-0.8331310558132827,0.19604050181806087
-0.7608072888106108,0.029940296430140734,-0.3848543204367161,0.652978137601167,-0.6224943627603352
0.6612192261964083,0.5598445362411439,0.9180137040093541,0.45873054675757885,-0.28566889837384224
-0.21240821667015553,-0.76020627329126,-0.443068734370172,0.740917278919369,0.4836183381266892
0.7385403155349195,0.5017866776324809,0.19589034793898463,-0.11142468592152,-0.7817118265666068
0.19376503443345428,0.7838494847528636,0.6681098695844412,0.1053000669926405,-0.9970425823703408
0.45486131962388754,-0.10266058892011642,0.6733256853185594,-0.8197994320653379,-0.12974514393135905
0.2879271791316569,-0.5304129128344357,0.4834187407977879,0.8756165625527501,0.6759081054478884
0.7094325493089855,-0.7485982924699783,0.6888303006999195,-0.5126847424544394,-0.24576468346640468
0.11061929352581501,0.045671829488128424,0.49265659879893064,-0.34743724623695016,-0.29045446682721376
