"Re","Im","Norm","Order"
-4.5298,0,4.5298,1
3.8842,0,3.8842,2
5.9134,0,5.9134,1
-4.7922,0,4.7922,2
6.2478,0,6.2478,1
-4.9212,0,4.9212,2
5.3907,0,5.3907,1
-4.6669,0,4.6669,2
7.5164,0,7.5164,1
-5.6343,0,5.6343,2
-5.4957,0,5.4957,1
5.256,0,5.256,2
5.2497,0,5.2497,1
-4.3653,0,4.3653,2
7.1885,0,7.1885,1
-5.4054,0,5.4054,2
-5.1672,0,5.1672,1
4.9209,0,4.9209,2
5.6492,0,5.6492,1
-5.0835,0,5.0835,2
4.1843,0,4.1843,1
-3.6157,0,3.6157,2
5.7466,0,5.7466,1
-5.173,0,5.173,2
4.587,0,4.587,1
-4.2103,0,4.2103,2
5.1697,0,5.1697,1
-4.8151,0,4.8151,2
6.0387,0,6.0387,1
-5.4701,0,5.4701,2
-5.8472,0,5.8472,1
5.1936,0,5.1936,2
-5.6455,0,5.6455,1
-4.7801,0,4.7801,2
5.6768,0,5.6768,1
5.0463,0,5.0463,2
4.8266,0,4.8266,1
-4.0797,0,4.0797,2
4.9178,0,4.9178,1
-3.6357,0,3.6357,2
-5.5096,0,5.5096,1
4.7912,0,4.7912,2
5.4683,0,5.4683,1
-5.2412,0,5.2412,2
4.7089,0,4.7089,1
4.6114,0,4.6114,2
6.1402,0,6.1402,1
5.1296,0,5.1296,2
-4.5007,0,4.5007,1
4.3188,0,4.3188,2
4.7329,0,4.7329,1
-3.8296,0,3.8296,2
5.9884,0,5.9884,1
-5.9124,0,5.9124,2
-5.502,0,5.502,1
4.9874,0,4.9874,2
6.1721,0,6.1721,1
-5.2247,0,5.2247,2
-5.2153,0,5.2153,1
4.8076,0,4.8076,2
-5.2934,0,5.2934,1
-4.9019,0,4.9019,2
-4.8144,0,4.8144,1
-3.1937,0,3.1937,2
5.7334,0,5.7334,1
-4.7692,0,4.7692,2
-4.882,0,4.882,1
4.1833,0,4.1833,2
5.5331,0,5.5331,1
-5.1255,0,5.1255,2
5.0018,0,5.0018,1
-4.5757,0,4.5757,2
6.1967,0,6.1967,1
-5.1966,0,5.1966,2
5.3611,0,5.3611,1
-3.301,0,3.301,2
6.0169,0,6.0169,1
-4.7717,0,4.7717,2
-4.8545,0,4.8545,1
4.6323,0,4.6323,2
-5.4178,0,5.4178,1
4.7796,0,4.7796,2
-5.6633,0,5.6633,1
5.162,0,5.162,2
-5.826,0,5.826,1
5.2043,0,5.2043,2
-5.4022,0,5.4022,1
4.2032,0,4.2032,2
-6.3007,0,6.3007,1
5.734,0,5.734,2
4.8323,0,4.8323,1
-3.8623,0,3.8623,2
-5.5317,0,5.5317,1
5.1613,0,5.1613,2
5.7605,0,5.7605,1
-4.0879,0,4.0879,2
4.7273,0,4.7273,1
-4.4207,0,4.4207,2
-5.0496,0,5.0496,1
4.4023,0,4.4023,2
-4.559,0,4.559,1
-4.2327,0,4.2327,2
-5.3362,0,5.3362,1
4.8978,0,4.8978,2
-5.0017,0,5.0017,1
4.649,0,4.649,2
-5.0053,0,5.0053,1
4.3165,0,4.3165,2
4.6061,0,4.6061,1
4.337,0,4.337,2
-6.411,0,6.411,1
6.3412,0,6.3412,2
6.077,0,6.077,1
-5.7229,0,5.7229,2
6.1455,0,6.1455,1
-3.8497,0,3.8497,2
-5.4085,0,5.4085,1
3.6324,0,3.6324,2
-5.092,0,5.092,1
4.2009,0,4.2009,2
-5.1366,0,5.1366,1
4.6972,0,4.6972,2
6.3182,0,6.3182,1
-5.7263,0,5.7263,2
4.6689,0,4.6689,1
-4.4791,0,4.4791,2
-5.4843,0,5.4843,1
4.7647,0,4.7647,2
-5.6051,0,5.6051,1
3.7897,0,3.7897,2
-5.5285,0,5.5285,1
4.9656,0,4.9656,2
-5.4669,0,5.4669,1
4.2119,0,4.2119,2
-5.3119,0,5.3119,1
4.0964,0,4.0964,2
4.6426,0,4.6426,1
-4.3707,0,4.3707,2
-5.5159,0,5.5159,1
5.2507,0,5.2507,2
-4.9254,0,4.9254,1
4.383,0,4.383,2
4.7746,0,4.7746,1
-4.6764,0,4.6764,2
-4.7699,0,4.7699,1
4.7498,0,4.7498,2
-4.2798,0,4.2798,1
3.9721,0,3.9721,2
-6.0932,0,6.0932,1
5.2866,0,5.2866,2
5.3028,0,5.3028,1
-4.5455,0,4.5455,2
4.4161,0,4.4161,1
-3.8369,0,3.8369,2
5.6453,0,5.6453,1
-4.6379,0,4.6379,2
5.3067,0,5.3067,1
-4.5183,0,4.5183,2
5.0325,0,5.0325,1
-4.5648,0,4.5648,2
4.6316,0,4.6316,1
3.6645,0,3.6645,2
-5.4802,0,5.4802,1
4.6511,0,4.6511,2
-5.1246,0,5.1246,1
-4.635,0,4.635,2
-5.8746,0,5.8746,1
5.2875,0,5.2875,2
-5.6534,0,5.6534,1
5.1482,0,5.1482,2
-4.8128,0,4.8128,1
4.1705,0,4.1705,2
4.5505,0,4.5505,1
-4.5055,0,4.5055,2
-7.0167,0,7.0167,1
6.3668,0,6.3668,2
5.9153,0,5.9153,1
4.8782,0,4.8782,2
6.9727,0,6.9727,1
-5.2092,0,5.2092,2
6.3999,0,6.3999,1
-4.1363,0,4.1363,2
6.0858,0,6.0858,1
-4.9198,0,4.9198,2
-5.3667,0,5.3667,1
5.0148,0,5.0148,2
-5.5117,0,5.5117,1
-4.7979,0,4.7979,2
5.5188,0,5.5188,1
-5.2507,0,5.2507,2
6.3067,0,6.3067,1
-5.4196,0,5.4196,2
5.9677,0,5.9677,1
-4.6491,0,4.6491,2
-6.0525,0,6.0525,1
5.0769,0,5.0769,2
-5.3085,0,5.3085,1
3.9425,0,3.9425,2
-4.0468,0,4.0468,1
3.7681,0,3.7681,2
-4.6357,0,4.6357,1
4.0081,0,4.0081,2
5.411,0,5.411,1
-5.007,0,5.007,2
-5.7882,0,5.7882,1
5.6527,0,5.6527,2
5.0005,0,5.0005,1
-4.9573,0,4.9573,2
-5.7279,0,5.7279,1
5.5757,0,5.5757,2
5.9508,0,5.9508,1
-5.0116,0,5.0116,2
-5.7834,0,5.7834,1
4.5814,0,4.5814,2
4.9944,0,4.9944,1
-4.2384,0,4.2384,2
-6.1232,0,6.1232,1
4.2886,0,4.2886,2
5.3587,0,5.3587,1
-4.5689,0,4.5689,2
-6.7298,0,6.7298,1
4.4299,0,4.4299,2
5.4918,0,5.4918,1
-4.2269,0,4.2269,2
-5.6658,0,5.6658,1
5.3028,0,5.3028,2
-5.2615,0,5.2615,1
4.5944,0,4.5944,2
4.8836,0,4.8836,1
-4.6804,0,4.6804,2
-5.4322,0,5.4322,1
-4.4515,0,4.4515,2
5.5368,0,5.5368,1
-5.5282,0,5.5282,2
-5.8067,0,5.8067,1
5.044,0,5.044,2
-7.9084,0,7.9084,1
6.1774,0,6.1774,2
-5.9764,0,5.9764,1
4.7139,0,4.7139,2
-5.0328,0,5.0328,1
4.7092,0,4.7092,2
-5.2656,0,5.2656,1
-4.2999,0,4.2999,2
-5.4086,0,5.4086,1
-4.6246,0,4.6246,2
-5.5821,0,5.5821,1
4.9592,0,4.9592,2
-5.4408,0,5.4408,1
4.335,0,4.335,2
-5.4017,0,5.4017,1
4.904,0,4.904,2
5.6973,0,5.6973,1
-4.6812,0,4.6812,2
6.1483,0,6.1483,1
-4.9663,0,4.9663,2
-5.4525,0,5.4525,1
4.1611,0,4.1611,2
-5.6366,0,5.6366,1
5.3664,0,5.3664,2
6.4727,0,6.4727,1
-5.222,0,5.222,2
6.7952,0,6.7952,1
-6.1259,0,6.1259,2
5.723,0,5.723,1
4.3661,0,4.3661,2
-5.3294,0,5.3294,1
4.8019,0,4.8019,2
-6.3389,0,6.3389,1
6.2878,0,6.2878,2
6.5924,0,6.5924,1
-4.7502,0,4.7502,2
5.3638,0,5.3638,1
-5.3521,0,5.3521,2
4.8601,0,4.8601,1
3.8803,0,3.8803,2
4.2813,0,4.2813,1
-3.9157,0,3.9157,2
5.6069,0,5.6069,1
-4.5464,0,4.5464,2
5.2421,0,5.2421,1
-4.6671,0,4.6671,2
-7.0811,0,7.0811,1
5.5355,0,5.5355,2
-5.3642,0,5.3642,1
4.0264,0,4.0264,2
5.8849,0,5.8849,1
-5.3577,0,5.3577,2
-6.0387,0,6.0387,1
4.5105,0,4.5105,2
-5.9567,0,5.9567,1
4.5198,0,4.5198,2
4.2694,0,4.2694,1
-4.1052,0,4.1052,2
-4.7522,0,4.7522,1
4.4937,0,4.4937,2
-5.4454,0,5.4454,1
5.2517,0,5.2517,2
-5.7045,0,5.7045,1
-5.1348,0,5.1348,2
-5.1543,0,5.1543,1
-4.2187,0,4.2187,2
5.9872,0,5.9872,1
-4.462,0,4.462,2
5.4783,0,5.4783,1
-5.1433,0,5.1433,2
-6.2959,0,6.2959,1
5.2107,0,5.2107,2
-5.6795,0,5.6795,1
4.627,0,4.627,2
6.1254,0,6.1254,1
-5.2421,0,5.2421,2
-4.6331,0,4.6331,1
4.187,0,4.187,2
6.017,0,6.017,1
-4.9645,0,4.9645,2
4.1422,0,4.1422,1
-3.9438,0,3.9438,2
-6.1614,0,6.1614,1
5.1216,0,5.1216,2
-6.534,0,6.534,1
-4.6089,0,4.6089,2
-5.0675,0,5.0675,1
4.3666,0,4.3666,2
-4.2144,0,4.2144,1
3.8679,0,3.8679,2
-5.5383,0,5.5383,1
-4.1665,0,4.1665,2
4.2854,0,4.2854,1
-3.8835,0,3.8835,2
-6.2325,0,6.2325,1
5.4832,0,5.4832,2
5.0091,0,5.0091,1
-4.7772,0,4.7772,2
-5.2583,0,5.2583,1
4.7603,0,4.7603,2
5.6179,0,5.6179,1
-5.5362,0,5.5362,2
-5.6001,0,5.6001,1
-4.424,0,4.424,2
4.6881,0,4.6881,1
-4.6194,0,4.6194,2
5.2991,0,5.2991,1
-5.1658,0,5.1658,2
7.4148,0,7.4148,1
-7.088,0,7.088,2
-6.0839,0,6.0839,1
4.5646,0,4.5646,2
4.8147,0,4.8147,1
-4.4945,0,4.4945,2
7.4226,0,7.4226,1
-4.5968,0,4.5968,2
-4.8297,0,4.8297,1
4.3782,0,4.3782,2
-4.7228,0,4.7228,1
4.5145,0,4.5145,2
-5.3401,0,5.3401,1
5.1796,0,5.1796,2
-5.6125,0,5.6125,1
5.2604,0,5.2604,2
4.7959,0,4.7959,1
-3.587,0,3.587,2
5.8386,0,5.8386,1
-4.6874,0,4.6874,2
-5.8297,0,5.8297,1
4.6735,0,4.6735,2
-5.9969,0,5.9969,1
5.2582,0,5.2582,2
6.5465,0,6.5465,1
-5.8145,0,5.8145,2
-6.2146,0,6.2146,1
4.7858,0,4.7858,2
-5.4752,0,5.4752,1
3.6202,0,3.6202,2
-5.5646,0,5.5646,1
4.9408,0,4.9408,2
-5.2974,0,5.2974,1
4.8605,0,4.8605,2
5.28,0,5.28,1
-4.203,0,4.203,2
-6.6663,0,6.6663,1
-5.2544,0,5.2544,2
-5.6755,0,5.6755,1
5.3975,0,5.3975,2
-4.796,0,4.796,1
4.6737,0,4.6737,2
-4.4708,0,4.4708,1
4.3473,0,4.3473,2
-6.1718,0,6.1718,1
5.999,0,5.999,2
-5.5399,0,5.5399,1
4.8643,0,4.8643,2
-6.1195,0,6.1195,1
5.1683,0,5.1683,2
5.958,0,5.958,1
-5.5459,0,5.5459,2
5.9858,0,5.9858,1
-5.2429,0,5.2429,2
-5.5978,0,5.5978,1
5.5141,0,5.5141,2
-5.7207,0,5.7207,1
4.4903,0,4.4903,2
-4.9285,0,4.9285,1
4.4922,0,4.4922,2
-4.8961,0,4.8961,1
-4.2537,0,4.2537,2
-6.2823,0,6.2823,1
-3.7471,0,3.7471,2
-5.5074,0,5.5074,1
5.4211,0,5.4211,2
5.2504,0,5.2504,1
-5.0769,0,5.0769,2
5.2851,0,5.2851,1
4.661,0,4.661,2
-5.4083,0,5.4083,1
5.116,0,5.116,2
5.7495,0,5.7495,1
-5.5332,0,5.5332,2
4.937,0,4.937,1
4.1801,0,4.1801,2
5.3103,0,5.3103,1
-4.3785,0,4.3785,2
6.045,0,6.045,1
-5.5935,0,5.5935,2
5.8375,0,5.8375,1
-4.9266,0,4.9266,2
-6.4543,0,6.4543,1
5.5443,0,5.5443,2
-5.1455,0,5.1455,1
3.7593,0,3.7593,2
4.9857,0,4.9857,1
-4.982,0,4.982,2
-4.7129,0,4.7129,1
4.468,0,4.468,2
-6.008,0,6.008,1
4.863,0,4.863,2
-5.7842,0,5.7842,1
4.7585,0,4.7585,2
6.5111,0,6.5111,1
-5.5304,0,5.5304,2
-4.6805,0,4.6805,1
4.5507,0,4.5507,2
5.2686,0,5.2686,1
-4.635,0,4.635,2
4.5739,0,4.5739,1
-4.0819,0,4.0819,2
6.5096,0,6.5096,1
-5.2576,0,5.2576,2
-4.8195,0,4.8195,1
4.5139,0,4.5139,2
-5.1448,0,5.1448,1
-3.1713,0,3.1713,2
5.5799,0,5.5799,1
-4.9849,0,4.9849,2
-5.7097,0,5.7097,1
5.1089,0,5.1089,2
-5.7842,0,5.7842,1
-5.3229,0,5.3229,2
-4.8593,0,4.8593,1
4.3227,0,4.3227,2
6.0274,0,6.0274,1
-5.6176,0,5.6176,2
-6.121,0,6.121,1
5.0236,0,5.0236,2
5.2,0,5.2,1
-4.8386,0,4.8386,2
-6.3077,0,6.3077,1
4.8341,0,4.8341,2
-4.7491,0,4.7491,1
4.6217,0,4.6217,2
-5.2924,0,5.2924,1
5.1,0,5.1,2
4.5256,0,4.5256,1
-4.3241,0,4.3241,2
5.1304,0,5.1304,1
-4.6548,0,4.6548,2
5.8205,0,5.8205,1
-4.413,0,4.413,2
5.0878,0,5.0878,1
4.1362,0,4.1362,2
5.9209,0,5.9209,1
-4.3432,0,4.3432,2
-5.4628,0,5.4628,1
4.9576,0,4.9576,2
-5.7346,0,5.7346,1
4.6806,0,4.6806,2
6.1788,0,6.1788,1
-5.1797,0,5.1797,2
4.6767,0,4.6767,1
-4.4054,0,4.4054,2
-4.9262,0,4.9262,1
4.5231,0,4.5231,2
-4.9196,0,4.9196,1
4.1184,0,4.1184,2
-5.431,0,5.431,1
-4.3319,0,4.3319,2
5.6678,0,5.6678,1
-4.4736,0,4.4736,2
-5.9557,0,5.9557,1
5.211,0,5.211,2
4.5276,0,4.5276,1
-4.0625,0,4.0625,2
-5.0788,0,5.0788,1
4.6274,0,4.6274,2
5.1648,0,5.1648,1
-4.9553,0,4.9553,2
-6.3028,0,6.3028,1
5.5172,0,5.5172,2
-4.8685,0,4.8685,1
4.835,0,4.835,2
5.4181,0,5.4181,1
-5.2519,0,5.2519,2
4.8106,0,4.8106,1
-4.046,0,4.046,2
6.2437,0,6.2437,1
-5.2198,0,5.2198,2
-6.2157,0,6.2157,1
3.9034,0,3.9034,2
-6.1626,0,6.1626,1
4.5566,0,4.5566,2
6.0807,0,6.0807,1
-5.5547,0,5.5547,2
4.8929,0,4.8929,1
-4.7922,0,4.7922,2
6.204,0,6.204,1
-4.9536,0,4.9536,2
6.3725,0,6.3725,1
-4.4777,0,4.4777,2
6.3108,0,6.3108,1
-4.971,0,4.971,2
-5.5877,0,5.5877,1
5.0873,0,5.0873,2
-5.4109,0,5.4109,1
5.0768,0,5.0768,2
-6.2087,0,6.2087,1
5.1226,0,5.1226,2
-5.8392,0,5.8392,1
-5.6173,0,5.6173,2
5.7489,0,5.7489,1
-5.2063,0,5.2063,2
-5.0891,0,5.0891,1
4.0066,0,4.0066,2
-4.917,0,4.917,1
4.431,0,4.431,2
6.4551,0,6.4551,1
-4.1489,0,4.1489,2
5.0692,0,5.0692,1
-4.6784,0,4.6784,2
5.3594,0,5.3594,1
-4.1015,0,4.1015,2
-6.7321,0,6.7321,1
4.8471,0,4.8471,2
4.9936,0,4.9936,1
-4.0646,0,4.0646,2
-5.2703,0,5.2703,1
4.6465,0,4.6465,2
-6.2693,0,6.2693,1
4.5699,0,4.5699,2
-4.6175,0,4.6175,1
4.3981,0,4.3981,2
5.1426,0,5.1426,1
-4.5313,0,4.5313,2
-4.7549,0,4.7549,1
4.7522,0,4.7522,2
-6.2271,0,6.2271,1
5.0119,0,5.0119,2
4.4558,0,4.4558,1
-4.2886,0,4.2886,2
-5.3399,0,5.3399,1
5.094,0,5.094,2
-6.8607,0,6.8607,1
4.8995,0,4.8995,2
-5.0843,0,5.0843,1
4.6813,0,4.6813,2
-5.7928,0,5.7928,1
4.584,0,4.584,2
-7.1009,0,7.1009,1
5.8392,0,5.8392,2
-5.6402,0,5.6402,1
5.2153,0,5.2153,2
-5.6394,0,5.6394,1
-5.1787,0,5.1787,2
-6.0224,0,6.0224,1
-4.9884,0,4.9884,2
5.3765,0,5.3765,1
-4.2996,0,4.2996,2
4.7597,0,4.7597,1
-4.1025,0,4.1025,2
-4.9048,0,4.9048,1
4.3544,0,4.3544,2
-5.0313,0,5.0313,1
4.3347,0,4.3347,2
-6.2192,0,6.2192,1
5.1414,0,5.1414,2
-6.1743,0,6.1743,1
5.6002,0,5.6002,2
-5.0217,0,5.0217,1
3.7674,0,3.7674,2
5.4912,0,5.4912,1
-4.2664,0,4.2664,2
-5.6808,0,5.6808,1
4.5005,0,4.5005,2
5.167,0,5.167,1
-4.3626,0,4.3626,2
5.2504,0,5.2504,1
-4.9142,0,4.9142,2
6.2391,0,6.2391,1
-4.3623,0,4.3623,2
5.38,0,5.38,1
4.1369,0,4.1369,2
5.5438,0,5.5438,1
-5.0006,0,5.0006,2
5.5469,0,5.5469,1
-4.7172,0,4.7172,2
-5.8012,0,5.8012,1
4.2899,0,4.2899,2
5.3159,0,5.3159,1
-4.2276,0,4.2276,2
-4.8558,0,4.8558,1
4.3111,0,4.3111,2
-4.7689,0,4.7689,1
4.7189,0,4.7189,2
-5.4954,0,5.4954,1
5.2196,0,5.2196,2
-5.5142,0,5.5142,1
5.2198,0,5.2198,2
-5.3254,0,5.3254,1
-4.9791,0,4.9791,2
-5.8812,0,5.8812,1
5.2119,0,5.2119,2
5.5215,0,5.5215,1
-4.6634,0,4.6634,2
-6.5786,0,6.5786,1
4.3529,0,4.3529,2
6.4475,0,6.4475,1
-5.2113,0,5.2113,2
-6.9533,0,6.9533,1
6.7821,0,6.7821,2
-4.9874,0,4.9874,1
4.9001,0,4.9001,2
5.3219,0,5.3219,1
-4.0856,0,4.0856,2
-5.2468,0,5.2468,1
4.3495,0,4.3495,2
-4.9629,0,4.9629,1
-3.5457,0,3.5457,2
-5.6475,0,5.6475,1
3.6114,0,3.6114,2
-5.6614,0,5.6614,1
5.2929,0,5.2929,2
-6.3661,0,6.3661,1
4.6028,0,4.6028,2
5.8722,0,5.8722,1
-5.5067,0,5.5067,2
-6.4333,0,6.4333,1
5.2898,0,5.2898,2
-5.1008,0,5.1008,1
4.146,0,4.146,2
-5.7457,0,5.7457,1
5.576,0,5.576,2
-6.7593,0,6.7593,1
4.6537,0,4.6537,2
5.7324,0,5.7324,1
4.244,0,4.244,2
5.6178,0,5.6178,1
5.3857,0,5.3857,2
-6.1102,0,6.1102,1
5.9616,0,5.9616,2
-5.541,0,5.541,1
3.9741,0,3.9741,2
-5.1331,0,5.1331,1
4.9693,0,4.9693,2
6.1465,0,6.1465,1
-4.1832,0,4.1832,2
5.1711,0,5.1711,1
-4.7265,0,4.7265,2
5.2857,0,5.2857,1
-4.6419,0,4.6419,2
-5.577,0,5.577,1
5.1615,0,5.1615,2
-5.9249,0,5.9249,1
4.2876,0,4.2876,2
6.7967,0,6.7967,1
-4.883,0,4.883,2
-5.4783,0,5.4783,1
4.6338,0,4.6338,2
-5.7791,0,5.7791,1
4.4236,0,4.4236,2
-4.6568,0,4.6568,1
4.2643,0,4.2643,2
5.7314,0,5.7314,1
5.4384,0,5.4384,2
6.2579,0,6.2579,1
-6.1304,0,6.1304,2
-5.5641,0,5.5641,1
5.201,0,5.201,2
-5.948,0,5.948,1
5.6629,0,5.6629,2
5.2318,0,5.2318,1
-4.9315,0,4.9315,2
-5.2437,0,5.2437,1
4.1978,0,4.1978,2
5.245,0,5.245,1
-4.3708,0,4.3708,2
-4.3486,0,4.3486,1
3.5584,0,3.5584,2
4.8015,0,4.8015,1
-4.3782,0,4.3782,2
5.1176,0,5.1176,1
3.3688,0,3.3688,2
-5.2733,0,5.2733,1
5.214,0,5.214,2
5.5243,0,5.5243,1
-5.5018,0,5.5018,2
-6.5408,0,6.5408,1
-4.9214,0,4.9214,2
-5.1181,0,5.1181,1
4.1905,0,4.1905,2
4.8636,0,4.8636,1
-3.791,0,3.791,2
5.0844,0,5.0844,1
-4.3287,0,4.3287,2
-6.5519,0,6.5519,1
5.4538,0,5.4538,2
5.0683,0,5.0683,1
-4.4971,0,4.4971,2
6.3656,0,6.3656,1
-4.9905,0,4.9905,2
5.1443,0,5.1443,1
-4.8326,0,4.8326,2
-5.7989,0,5.7989,1
-4.1735,0,4.1735,2
-4.7811,0,4.7811,1
4.5213,0,4.5213,2
-5.7547,0,5.7547,1
5.7327,0,5.7327,2
4.8126,0,4.8126,1
-4.3036,0,4.3036,2
5.0453,0,5.0453,1
-3.8989,0,3.8989,2
-4.2677,0,4.2677,1
4.132,0,4.132,2
-5.876,0,5.876,1
4.6266,0,4.6266,2
4.7263,0,4.7263,1
-4.6652,0,4.6652,2
-6.0876,0,6.0876,1
4.7407,0,4.7407,2
-5.259,0,5.259,1
5.1016,0,5.1016,2
-4.8807,0,4.8807,1
-4.3168,0,4.3168,2
-5.445,0,5.445,1
4.2839,0,4.2839,2
-4.9185,0,4.9185,1
3.6103,0,3.6103,2
-5.7946,0,5.7946,1
5.271,0,5.271,2
-6.7546,0,6.7546,1
5.0869,0,5.0869,2
-4.8117,0,4.8117,1
4.6593,0,4.6593,2
5.7026,0,5.7026,1
-5.7013,0,5.7013,2
-7.4356,0,7.4356,1
5.1079,0,5.1079,2
5.6693,0,5.6693,1
-3.7364,0,3.7364,2
5.2586,0,5.2586,1
-4.8757,0,4.8757,2
5.6087,0,5.6087,1
5.0248,0,5.0248,2
5.849,0,5.849,1
-5.0947,0,5.0947,2
4.9051,0,4.9051,1
-4.2367,0,4.2367,2
-5.3013,0,5.3013,1
4.5187,0,4.5187,2
4.3938,0,4.3938,1
-4.2256,0,4.2256,2
-6.5325,0,6.5325,1
-4.4895,0,4.4895,2
-5.4073,0,5.4073,1
4.8298,0,4.8298,2
-5.4679,0,5.4679,1
-4.0814,0,4.0814,2
-5.9433,0,5.9433,1
4.0893,0,4.0893,2
-5.9691,0,5.9691,1
5.2277,0,5.2277,2
5.4476,0,5.4476,1
-4.602,0,4.602,2
-6.4523,0,6.4523,1
6.1618,0,6.1618,2
3.6175,0,3.6175,1
-3.4619,0,3.4619,2
6.9304,0,6.9304,1
-5.7906,0,5.7906,2
4.3836,0,4.3836,1
-4.2716,0,4.2716,2
-5.1353,0,5.1353,1
-3.9634,0,3.9634,2
4.3526,0,4.3526,1
-3.8739,0,3.8739,2
-6.252,0,6.252,1
5.8415,0,5.8415,2
-5.3266,0,5.3266,1
5.1964,0,5.1964,2
-6.9044,0,6.9044,1
4.6235,0,4.6235,2
5.5088,0,5.5088,1
-4.4941,0,4.4941,2
-6.384,0,6.384,1
-4.9035,0,4.9035,2
-4.4273,0,4.4273,1
4.1855,0,4.1855,2
-7.4174,0,7.4174,1
6.8751,0,6.8751,2
4.7245,0,4.7245,1
-4.3849,0,4.3849,2
5.4827,0,5.4827,1
-4.7911,0,4.7911,2
7.1047,0,7.1047,1
-5.5303,0,5.5303,2
4.9769,0,4.9769,1
4.012,0,4.012,2
-4.9067,0,4.9067,1
4.8115,0,4.8115,2
-5.4723,0,5.4723,1
-5.4068,0,5.4068,2
6.1348,0,6.1348,1
-3.9202,0,3.9202,2
-6.2766,0,6.2766,1
4.2515,0,4.2515,2
5.2078,0,5.2078,1
-4.794,0,4.794,2
5.1714,0,5.1714,1
-4.4194,0,4.4194,2
6.8112,0,6.8112,1
-3.7078,0,3.7078,2
-5.1081,0,5.1081,1
4.786,0,4.786,2
-5.7988,0,5.7988,1
5.1738,0,5.1738,2
5.8861,0,5.8861,1
-5.1189,0,5.1189,2
-6.6132,0,6.6132,1
4.9287,0,4.9287,2
5.8614,0,5.8614,1
-4.3122,0,4.3122,2
5.5726,0,5.5726,1
-5.3912,0,5.3912,2
5.5092,0,5.5092,1
-4.606,0,4.606,2
5.2903,0,5.2903,1
-4.332,0,4.332,2
4.6862,0,4.6862,1
-4.6852,0,4.6852,2
5.6748,0,5.6748,1
-4.6584,0,4.6584,2
5.4952,0,5.4952,1
-5.3298,0,5.3298,2
-5.8075,0,5.8075,1
-5.0034,0,5.0034,2
5.8656,0,5.8656,1
-4.5254,0,4.5254,2
6.0609,0,6.0609,1
-4.7156,0,4.7156,2
5.9028,0,5.9028,1
-4.294,0,4.294,2
-4.5411,0,4.5411,1
4.5253,0,4.5253,2
4.6422,0,4.6422,1
-3.7814,0,3.7814,2
5.5167,0,5.5167,1
-5.2631,0,5.2631,2
5.0127,0,5.0127,1
-4.0816,0,4.0816,2
5.6257,0,5.6257,1
-5.3568,0,5.3568,2
6.1601,0,6.1601,1
-4.2053,0,4.2053,2
-5.6928,0,5.6928,1
4.718,0,4.718,2
4.6531,0,4.6531,1
-3.9976,0,3.9976,2
5.6754,0,5.6754,1
-4.9411,0,4.9411,2
5.5166,0,5.5166,1
-4.7508,0,4.7508,2
4.9837,0,4.9837,1
4.1416,0,4.1416,2
-4.6677,0,4.6677,1
4.1832,0,4.1832,2
-5.614,0,5.614,1
5.212,0,5.212,2
-5.5034,0,5.5034,1
4.5737,0,4.5737,2
-5.8891,0,5.8891,1
4.9733,0,4.9733,2
-6.334,0,6.334,1
5.1264,0,5.1264,2
-5.9471,0,5.9471,1
4.78,0,4.78,2
6.2223,0,6.2223,1
-5.2762,0,5.2762,2
4.2535,0,4.2535,1
-4.2438,0,4.2438,2
-4.8978,0,4.8978,1
4.4031,0,4.4031,2
-5.7448,0,5.7448,1
4.6089,0,4.6089,2
4.675,0,4.675,1
-4.1635,0,4.1635,2
-6.2826,0,6.2826,1
-5.4393,0,5.4393,2
5.8124,0,5.8124,1
-4.6752,0,4.6752,2
6.4472,0,6.4472,1
-5.4601,0,5.4601,2
-5.4555,0,5.4555,1
-4.5493,0,4.5493,2
-4.1509,0,4.1509,1
3.808,0,3.808,2
-4.8616,0,4.8616,1
4.4215,0,4.4215,2
-4.6088,0,4.6088,1
3.9742,0,3.9742,2
-5.7929,0,5.7929,1
-4.0594,0,4.0594,2
6.2158,0,6.2158,1
4.2017,0,4.2017,2
5.8537,0,5.8537,1
4.1481,0,4.1481,2
-5.1505,0,5.1505,1
4.6532,0,4.6532,2
-4.7893,0,4.7893,1
4.5167,0,4.5167,2
-6.0532,0,6.0532,1
5.3036,0,5.3036,2
5.5533,0,5.5533,1
-4.3023,0,4.3023,2
6.2022,0,6.2022,1
-5.0807,0,5.0807,2
-5.121,0,5.121,1
4.8353,0,4.8353,2
6.5507,0,6.5507,1
5.6391,0,5.6391,2
-5.3837,0,5.3837,1
5.1867,0,5.1867,2
4.2757,0,4.2757,1
3.8536,0,3.8536,2
4.8797,0,4.8797,1
-4.3136,0,4.3136,2
5.2631,0,5.2631,1
-5.1806,0,5.1806,2
-6.3714,0,6.3714,1
5.1218,0,5.1218,2
4.7997,0,4.7997,1
-4.4108,0,4.4108,2
-5.184,0,5.184,1
5.043,0,5.043,2
-5.0358,0,5.0358,1
5.0309,0,5.0309,2
-5.2376,0,5.2376,1
4.9218,0,4.9218,2
-5.5992,0,5.5992,1
4.8549,0,4.8549,2
5.6123,0,5.6123,1
-5.3902,0,5.3902,2
5.9338,0,5.9338,1
-5.7278,0,5.7278,2
-5.8678,0,5.8678,1
4.52,0,4.52,2
-5.1282,0,5.1282,1
4.8498,0,4.8498,2
-5.9479,0,5.9479,1
5.6055,0,5.6055,2
5.6814,0,5.6814,1
4.2247,0,4.2247,2
6.0774,0,6.0774,1
-5.9942,0,5.9942,2
-6.4918,0,6.4918,1
5.4711,0,5.4711,2
-5.6017,0,5.6017,1
4.6371,0,4.6371,2
-5.8764,0,5.8764,1
4.6886,0,4.6886,2
-5.9862,0,5.9862,1
5.9042,0,5.9042,2
-6.0773,0,6.0773,1
5.8475,0,5.8475,2
5.4495,0,5.4495,1
3.8842,0,3.8842,2
-5.0165,0,5.0165,1
-4.1281,0,4.1281,2
5.3972,0,5.3972,1
-4.8921,0,4.8921,2
5.9057,0,5.9057,1
-4.717,0,4.717,2
-5.9882,0,5.9882,1
4.8423,0,4.8423,2
6.122,0,6.122,1
4.5429,0,4.5429,2
5.6761,0,5.6761,1
4.6249,0,4.6249,2
-6.2175,0,6.2175,1
4.3504,0,4.3504,2
-4.9879,0,4.9879,1
4.4385,0,4.4385,2
-5.9541,0,5.9541,1
5.2941,0,5.2941,2
-5.3349,0,5.3349,1
4.3886,0,4.3886,2
5.2572,0,5.2572,1
-3.9197,0,3.9197,2
-4.9711,0,4.9711,1
4.9665,0,4.9665,2
7.1267,0,7.1267,1
4.8244,0,4.8244,2
-6.9171,0,6.9171,1
5.0473,0,5.0473,2
-6.7901,0,6.7901,1
-4.7006,0,4.7006,2
5.3726,0,5.3726,1
-4.3019,0,4.3019,2
5.1623,0,5.1623,1
-5.1476,0,5.1476,2
-5.5245,0,5.5245,1
5.4979,0,5.4979,2
-4.6748,0,4.6748,1
4.371,0,4.371,2
5.8245,0,5.8245,1
-4.9144,0,4.9144,2
-5.3105,0,5.3105,1
4.6674,0,4.6674,2
4.7715,0,4.7715,1
-4.7599,0,4.7599,2
4.9401,0,4.9401,1
-3.2113,0,3.2113,2
-4.2661,0,4.2661,1
4.0112,0,4.0112,2
-5.5973,0,5.5973,1
-4.6455,0,4.6455,2
5.5923,0,5.5923,1
-4.7981,0,4.7981,2
-5.5765,0,5.5765,1
5.0471,0,5.0471,2
5.7437,0,5.7437,1
-4.0666,0,4.0666,2
4.6767,0,4.6767,1
-4.507,0,4.507,2
-5.6321,0,5.6321,1
4.8628,0,4.8628,2
6.6514,0,6.6514,1
-5.3689,0,5.3689,2
4.2053,0,4.2053,1
-4.0709,0,4.0709,2
-6.1826,0,6.1826,1
5.0093,0,5.0093,2
-5.6173,0,5.6173,1
-4.514,0,4.514,2
-6.7021,0,6.7021,1
5.8285,0,5.8285,2
-5.2174,0,5.2174,1
3.9178,0,3.9178,2
5.0178,0,5.0178,1
-4.5966,0,4.5966,2
5.1229,0,5.1229,1
-4.9968,0,4.9968,2
5.3843,0,5.3843,1
-5.1435,0,5.1435,2
6.0126,0,6.0126,1
-5.7699,0,5.7699,2
-5.5443,0,5.5443,1
5.1044,0,5.1044,2
5.6803,0,5.6803,1
-4.2373,0,4.2373,2
6.6975,0,6.6975,1
-5.5881,0,5.5881,2
-5.9856,0,5.9856,1
5.6075,0,5.6075,2
-5.431,0,5.431,1
5.3772,0,5.3772,2
5.104,0,5.104,1
-4.9881,0,4.9881,2
4.6943,0,4.6943,1
-4.0094,0,4.0094,2
5.8386,0,5.8386,1
-5.4929,0,5.4929,2
5.602,0,5.602,1
-4.9287,0,4.9287,2
6.0438,0,6.0438,1
-4.5882,0,4.5882,2
-4.4279,0,4.4279,1
3.6867,0,3.6867,2
-5.2449,0,5.2449,1
4.9803,0,4.9803,2
6.4218,0,6.4218,1
-5.5502,0,5.5502,2
-5.2664,0,5.2664,1
5.0245,0,5.0245,2
-7.5393,0,7.5393,1
5.962,0,5.962,2
4.5364,0,4.5364,1
4.1942,0,4.1942,2
-6.5976,0,6.5976,1
6.0742,0,6.0742,2
5.9057,0,5.9057,1
-5.6326,0,5.6326,2
-5.935,0,5.935,1
5.4215,0,5.4215,2
-6.0869,0,6.0869,1
4.2362,0,4.2362,2
4.865,0,4.865,1
-4.488,0,4.488,2
6.7372,0,6.7372,1
-3.9695,0,3.9695,2
6.4218,0,6.4218,1
-5.8291,0,5.8291,2
-6.1288,0,6.1288,1
-4.891,0,4.891,2
5.2506,0,5.2506,1
-4.6942,0,4.6942,2
5.0387,0,5.0387,1
-4.6087,0,4.6087,2
-5.0935,0,5.0935,1
4.0934,0,4.0934,2
4.9019,0,4.9019,1
3.7764,0,3.7764,2
5.1454,0,5.1454,1
-4.8483,0,4.8483,2
5.5144,0,5.5144,1
-4.4757,0,4.4757,2
5.7652,0,5.7652,1
-5.221,0,5.221,2
-5.2737,0,5.2737,1
4.9872,0,4.9872,2
4.4071,0,4.4071,1
-4.1208,0,4.1208,2
-4.4251,0,4.4251,1
4.1408,0,4.1408,2
-6.098,0,6.098,1
5.2267,0,5.2267,2
-6.0529,0,6.0529,1
4.7646,0,4.7646,2
5.2125,0,5.2125,1
-5.1367,0,5.1367,2
-5.4089,0,5.4089,1
4.1746,0,4.1746,2
5.1054,0,5.1054,1
3.91,0,3.91,2
4.2808,0,4.2808,1
-4.2692,0,4.2692,2
6.2373,0,6.2373,1
-5.2112,0,5.2112,2
5.5611,0,5.5611,1
-5.0674,0,5.0674,2
-5.0769,0,5.0769,1
4.891,0,4.891,2
-4.8797,0,4.8797,1
4.0293,0,4.0293,2
5.7107,0,5.7107,1
-4.9802,0,4.9802,2
-6.4109,0,6.4109,1
5.967,0,5.967,2
5.4054,0,5.4054,1
-4.858,0,4.858,2
4.452,0,4.452,1
-3.7372,0,3.7372,2
-6.4575,0,6.4575,1
5.975,0,5.975,2
6.1221,0,6.1221,1
4.8394,0,4.8394,2
-5.869,0,5.869,1
4.3783,0,4.3783,2
-5.1442,0,5.1442,1
-4.9799,0,4.9799,2
-6.8502,0,6.8502,1
6.0595,0,6.0595,2
4.4539,0,4.4539,1
-4.4437,0,4.4437,2
-5.6573,0,5.6573,1
-4.6543,0,4.6543,2
-6.3501,0,6.3501,1
5.5059,0,5.5059,2
4.9402,0,4.9402,1
-4.2659,0,4.2659,2
-4.9387,0,4.9387,1
4.6155,0,4.6155,2
6.3865,0,6.3865,1
-6.0033,0,6.0033,2
6.5966,0,6.5966,1
-5.13,0,5.13,2
-4.5199,0,4.5199,1
4.2935,0,4.2935,2
-5.547,0,5.547,1
-4.0023,0,4.0023,2
-4.7535,0,4.7535,1
-3.1862,0,3.1862,2
-4.885,0,4.885,1
4.8025,0,4.8025,2
-5.3606,0,5.3606,1
5.2527,0,5.2527,2
4.9879,0,4.9879,1
-4.6855,0,4.6855,2
-4.964,0,4.964,1
4.7047,0,4.7047,2
5.672,0,5.672,1
-4.7305,0,4.7305,2
6.0151,0,6.0151,1
-5.6434,0,5.6434,2
-5.6172,0,5.6172,1
4.8577,0,4.8577,2
-7.2823,0,7.2823,1
5.283,0,5.283,2
6.0091,0,6.0091,1
-5.2048,0,5.2048,2
5.0843,0,5.0843,1
4.2331,0,4.2331,2
5.4281,0,5.4281,1
-5.0799,0,5.0799,2
-5.6585,0,5.6585,1
4.0127,0,4.0127,2
-4.8685,0,4.8685,1
4.7261,0,4.7261,2
5.2543,0,5.2543,1
-4.5654,0,4.5654,2
5.642,0,5.642,1
4.9562,0,4.9562,2
-5.9283,0,5.9283,1
5.4788,0,5.4788,2
-5.0695,0,5.0695,1
5.0111,0,5.0111,2
5.8568,0,5.8568,1
-5.0172,0,5.0172,2
6.0467,0,6.0467,1
-5.4945,0,5.4945,2
-6.0077,0,6.0077,1
4.602,0,4.602,2
-5.4124,0,5.4124,1
4.8491,0,4.8491,2
5.9405,0,5.9405,1
-5.6335,0,5.6335,2
5.1968,0,5.1968,1
-5.0495,0,5.0495,2
5.5478,0,5.5478,1
-4.6949,0,4.6949,2
5.7152,0,5.7152,1
-5.6689,0,5.6689,2
-4.8946,0,4.8946,1
4.585,0,4.585,2
-4.8489,0,4.8489,1
4.1164,0,4.1164,2
-5.0104,0,5.0104,1
-4.4548,0,4.4548,2
-5.7376,0,5.7376,1
-4.1341,0,4.1341,2
-5.2225,0,5.2225,1
4.359,0,4.359,2
5.6137,0,5.6137,1
-3.916,0,3.916,2
-5.3929,0,5.3929,1
4.7196,0,4.7196,2
5.398,0,5.398,1
-4.733,0,4.733,2
4.9877,0,4.9877,1
-4.6465,0,4.6465,2
-5.4849,0,5.4849,1
5.4727,0,5.4727,2
6.1303,0,6.1303,1
-5.6472,0,5.6472,2
-5.3499,0,5.3499,1
-4.6219,0,4.6219,2
-5.6165,0,5.6165,1
4.8405,0,4.8405,2
5.2675,0,5.2675,1
-4.7112,0,4.7112,2
-5.0261,0,5.0261,1
4.697,0,4.697,2
-5.9213,0,5.9213,1
5.5421,0,5.5421,2
5.4765,0,5.4765,1
-3.8299,0,3.8299,2
-5.7131,0,5.7131,1
4.8554,0,4.8554,2
4.7388,0,4.7388,1
-4.4795,0,4.4795,2
4.8464,0,4.8464,1
-4.3386,0,4.3386,2
5.4171,0,5.4171,1
-4.0631,0,4.0631,2
-5.4405,0,5.4405,1
4.5715,0,4.5715,2
-5.9055,0,5.9055,1
5.1737,0,5.1737,2
-6.2279,0,6.2279,1
6.1368,0,6.1368,2
5.1207,0,5.1207,1
-4.4651,0,4.4651,2
-4.6621,0,4.6621,1
4.0872,0,4.0872,2
-5.4153,0,5.4153,1
4.4929,0,4.4929,2
-4.4052,0,4.4052,1
4.3128,0,4.3128,2
-5.2839,0,5.2839,1
4.5117,0,4.5117,2
6.9653,0,6.9653,1
-4.2892,0,4.2892,2
-5.7324,0,5.7324,1
-4.2168,0,4.2168,2
-5.4601,0,5.4601,1
5.005,0,5.005,2
6.5241,0,6.5241,1
-5.1179,0,5.1179,2
-4.8201,0,4.8201,1
4.2747,0,4.2747,2
5.9834,0,5.9834,1
4.3666,0,4.3666,2
-5.8855,0,5.8855,1
4.4172,0,4.4172,2
-4.8702,0,4.8702,1
4.0439,0,4.0439,2
4.6031,0,4.6031,1
-3.8935,0,3.8935,2
6.5949,0,6.5949,1
-5.1326,0,5.1326,2
5.8302,0,5.8302,1
-5.2524,0,5.2524,2
-5.9594,0,5.9594,1
4.551,0,4.551,2
-6.453,0,6.453,1
5.5343,0,5.5343,2
-5.8545,0,5.8545,1
5.2343,0,5.2343,2
6.3208,0,6.3208,1
-4.7428,0,4.7428,2
4.9081,0,4.9081,1
-4.4438,0,4.4438,2
-6.6797,0,6.6797,1
4.4824,0,4.4824,2
5.5835,0,5.5835,1
-4.8264,0,4.8264,2
4.9914,0,4.9914,1
-3.8564,0,3.8564,2
5.0981,0,5.0981,1
-3.6834,0,3.6834,2
-5.2646,0,5.2646,1
-4.8059,0,4.8059,2
-4.6233,0,4.6233,1
3.9504,0,3.9504,2
5.8663,0,5.8663,1
5.4886,0,5.4886,2
-6.2178,0,6.2178,1
5.1997,0,5.1997,2
-4.8977,0,4.8977,1
4.3199,0,4.3199,2
-4.0592,0,4.0592,1
3.7617,0,3.7617,2
6.6083,0,6.6083,1
-5.5657,0,5.5657,2
5.9142,0,5.9142,1
-4.6245,0,4.6245,2
5.5775,0,5.5775,1
-5.4967,0,5.4967,2
6.8776,0,6.8776,1
-6.6923,0,6.6923,2
-4.4274,0,4.4274,1
-3.5301,0,3.5301,2
5.7691,0,5.7691,1
-4.1812,0,4.1812,2
-6.464,0,6.464,1
4.9779,0,4.9779,2
-5.3257,0,5.3257,1
4.1349,0,4.1349,2
-6.6799,0,6.6799,1
6.1538,0,6.1538,2
-6.595,0,6.595,1
-4.0904,0,4.0904,2
-5.4425,0,5.4425,1
5.4169,0,5.4169,2
6.0117,0,6.0117,1
-5.0536,0,5.0536,2
-6.6337,0,6.6337,1
4.5157,0,4.5157,2
5.8044,0,5.8044,1
-4.4765,0,4.4765,2
4.9509,0,4.9509,1
-4.6966,0,4.6966,2
-5.4442,0,5.4442,1
4.8096,0,4.8096,2
6.1278,0,6.1278,1
-3.9615,0,3.9615,2
-5.9534,0,5.9534,1
5.4867,0,5.4867,2
5.3888,0,5.3888,1
-4.7082,0,4.7082,2
5.6671,0,5.6671,1
-5.6015,0,5.6015,2
5.1921,0,5.1921,1
4.4008,0,4.4008,2
-6.1027,0,6.1027,1
5.6214,0,5.6214,2
5.9592,0,5.9592,1
-5.1018,0,5.1018,2
7.1038,0,7.1038,1
-5.7083,0,5.7083,2
5.7042,0,5.7042,1
-4.8707,0,4.8707,2
-5.391,0,5.391,1
4.9788,0,4.9788,2
-4.7868,0,4.7868,1
4.6823,0,4.6823,2
5.6099,0,5.6099,1
-3.6093,0,3.6093,2
-5.6242,0,5.6242,1
4.9521,0,4.9521,2
-5.5525,0,5.5525,1
4.5355,0,4.5355,2
4.5945,0,4.5945,1
-4.0444,0,4.0444,2
-6.1267,0,6.1267,1
4.9435,0,4.9435,2
-4.2571,0,4.2571,1
3.981,0,3.981,2
-5.4154,0,5.4154,1
3.8315,0,3.8315,2
4.6739,0,4.6739,1
-4.3089,0,4.3089,2
7.9474,0,7.9474,1
4.4086,0,4.4086,2
-4.9578,0,4.9578,1
4.4566,0,4.4566,2
-5.7384,0,5.7384,1
5.1418,0,5.1418,2
-4.8629,0,4.8629,1
4.4897,0,4.4897,2
4.8049,0,4.8049,1
-4.7089,0,4.7089,2
-5.3054,0,5.3054,1
4.9689,0,4.9689,2
5.1644,0,5.1644,1
-5.1538,0,5.1538,2
-7.0624,0,7.0624,1
4.6277,0,4.6277,2
6.1697,0,6.1697,1
-5.5593,0,5.5593,2
-6.332,0,6.332,1
5.7097,0,5.7097,2
-4.8922,0,4.8922,1
4.565,0,4.565,2
5.6956,0,5.6956,1
-5.4516,0,5.4516,2
6.103,0,6.103,1
-4.8392,0,4.8392,2
5.9235,0,5.9235,1
-5.5667,0,5.5667,2
5.8538,0,5.8538,1
4.7544,0,4.7544,2
6.0735,0,6.0735,1
-5.7258,0,5.7258,2
5.8025,0,5.8025,1
-5.0018,0,5.0018,2
-6.2164,0,6.2164,1
4.0639,0,4.0639,2
5.0175,0,5.0175,1
-4.7036,0,4.7036,2
-4.7976,0,4.7976,1
4.357,0,4.357,2
-4.9585,0,4.9585,1
4.7071,0,4.7071,2
-5.1826,0,5.1826,1
4.6744,0,4.6744,2
-5.5089,0,5.5089,1
4.1899,0,4.1899,2
-5.9133,0,5.9133,1
4.6646,0,4.6646,2
-5.6533,0,5.6533,1
5.1543,0,5.1543,2
6.3755,0,6.3755,1
-5.7885,0,5.7885,2
-5.3144,0,5.3144,1
3.7191,0,3.7191,2
-6.4591,0,6.4591,1
5.0599,0,5.0599,2
-5.5349,0,5.5349,1
4.195,0,4.195,2
5.6379,0,5.6379,1
-4.3445,0,4.3445,2
4.4275,0,4.4275,1
-3.686,0,3.686,2
5.4296,0,5.4296,1
-4.8765,0,4.8765,2
6.6079,0,6.6079,1
-5.4459,0,5.4459,2
4.8647,0,4.8647,1
-3.7911,0,3.7911,2
-4.8118,0,4.8118,1
4.5749,0,4.5749,2
-5.9498,0,5.9498,1
-4.7114,0,4.7114,2
-5.454,0,5.454,1
5.3001,0,5.3001,2
-4.9314,0,4.9314,1
4.5123,0,4.5123,2
6.0178,0,6.0178,1
5.1671,0,5.1671,2
6.1777,0,6.1777,1
-5.8233,0,5.8233,2
5.2605,0,5.2605,1
-4.9441,0,4.9441,2
5.6573,0,5.6573,1
-4.2645,0,4.2645,2
-5.604,0,5.604,1
5.4084,0,5.4084,2
5.8491,0,5.8491,1
4.6578,0,4.6578,2
-5.5293,0,5.5293,1
5.0379,0,5.0379,2
5.2502,0,5.2502,1
-4.7641,0,4.7641,2
-4.8833,0,4.8833,1
-3.6234,0,3.6234,2
5.1831,0,5.1831,1
-4.196,0,4.196,2
4.3482,0,4.3482,1
-4.0546,0,4.0546,2
4.8508,0,4.8508,1
-3.8355,0,3.8355,2
3.521,0,3.521,1
3.402,0,3.402,2
-5.6104,0,5.6104,1
5.1662,0,5.1662,2
-5.828,0,5.828,1
5.2719,0,5.2719,2
-6.0993,0,6.0993,1
4.7303,0,4.7303,2
4.7419,0,4.7419,1
-4.5128,0,4.5128,2
4.3723,0,4.3723,1
-4.2576,0,4.2576,2
5.0615,0,5.0615,1
3.9016,0,3.9016,2
-4.5574,0,4.5574,1
-3.8273,0,3.8273,2
-4.0785,0,4.0785,1
4.0296,0,4.0296,2
5.7919,0,5.7919,1
4.4327,0,4.4327,2
4.9169,0,4.9169,1
-4.7266,0,4.7266,2
-4.8111,0,4.8111,1
4.538,0,4.538,2
5.1419,0,5.1419,1
-4.6512,0,4.6512,2
-4.529,0,4.529,1
3.7747,0,3.7747,2
6.586,0,6.586,1
-4.3307,0,4.3307,2
5.8459,0,5.8459,1
-4.5611,0,4.5611,2
-5.3879,0,5.3879,1
4.8318,0,4.8318,2
4.8228,0,4.8228,1
-3.894,0,3.894,2
5.4137,0,5.4137,1
-5.2065,0,5.2065,2
5.4923,0,5.4923,1
-5.0752,0,5.0752,2
-5.0295,0,5.0295,1
4.9034,0,4.9034,2
-5.833,0,5.833,1
-5.1286,0,5.1286,2
5.5552,0,5.5552,1
-4.0528,0,4.0528,2
5.7715,0,5.7715,1
-5.5981,0,5.5981,2
5.0107,0,5.0107,1
-4.7782,0,4.7782,2
-5.4351,0,5.4351,1
-4.4135,0,4.4135,2
-4.4973,0,4.4973,1
4.0536,0,4.0536,2
-6.4192,0,6.4192,1
5.5657,0,5.5657,2
5.0933,0,5.0933,1
-4.3888,0,4.3888,2
-5.5276,0,5.5276,1
5.2604,0,5.2604,2
-7.4782,0,7.4782,1
4.395,0,4.395,2
5.5639,0,5.5639,1
-5.0804,0,5.0804,2
6.3484,0,6.3484,1
-5.6912,0,5.6912,2
5.4137,0,5.4137,1
-5.2843,0,5.2843,2
5.5525,0,5.5525,1
-4.6138,0,4.6138,2
5.3806,0,5.3806,1
-5.1444,0,5.1444,2
5.6675,0,5.6675,1
-4.5155,0,4.5155,2
5.0441,0,5.0441,1
-4.4185,0,4.4185,2
-5.1974,0,5.1974,1
4.8584,0,4.8584,2
-4.9774,0,4.9774,1
4.8945,0,4.8945,2
6.3998,0,6.3998,1
-5.2917,0,5.2917,2
7.3457,0,7.3457,1
-4.5814,0,4.5814,2
-5.7836,0,5.7836,1
4.5091,0,4.5091,2
6.2942,0,6.2942,1
-4.606,0,4.606,2
-5.019,0,5.019,1
4.5516,0,4.5516,2
-5.3691,0,5.3691,1
-4.1297,0,4.1297,2
-5.8348,0,5.8348,1
-4.2665,0,4.2665,2
5.9618,0,5.9618,1
-4.9828,0,4.9828,2
-5.8866,0,5.8866,1
5.4665,0,5.4665,2
-5.1932,0,5.1932,1
4.4165,0,4.4165,2
-5.5177,0,5.5177,1
5.4093,0,5.4093,2
-6.7105,0,6.7105,1
4.357,0,4.357,2
4.5948,0,4.5948,1
-4.4998,0,4.4998,2
5.1294,0,5.1294,1
-3.9173,0,3.9173,2
6.4628,0,6.4628,1
-5.7909,0,5.7909,2
-4.3648,0,4.3648,1
3.9708,0,3.9708,2
-4.9714,0,4.9714,1
4.8824,0,4.8824,2
4.9975,0,4.9975,1
4.7328,0,4.7328,2
4.6281,0,4.6281,1
3.9709,0,3.9709,2
5.344,0,5.344,1
-3.6878,0,3.6878,2
5.7353,0,5.7353,1
-5.5241,0,5.5241,2
-4.9889,0,4.9889,1
4.7807,0,4.7807,2
-5.2308,0,5.2308,1
-4.9207,0,4.9207,2
-4.6843,0,4.6843,1
4.4708,0,4.4708,2
-4.4673,0,4.4673,1
4.1795,0,4.1795,2
-5.4628,0,5.4628,1
3.9961,0,3.9961,2
4.324,0,4.324,1
-3.7669,0,3.7669,2
5.0292,0,5.0292,1
-4.174,0,4.174,2
-5.1728,0,5.1728,1
-4.3497,0,4.3497,2
-5.9662,0,5.9662,1
5.3266,0,5.3266,2
4.8217,0,4.8217,1
4.5781,0,4.5781,2
-4.8365,0,4.8365,1
3.7166,0,3.7166,2
5.8132,0,5.8132,1
4.9245,0,4.9245,2
5.8718,0,5.8718,1
-4.3589,0,4.3589,2
-4.7496,0,4.7496,1
4.079,0,4.079,2
-6.0093,0,6.0093,1
5.4674,0,5.4674,2
-5.0844,0,5.0844,1
5.0534,0,5.0534,2
4.6631,0,4.6631,1
-4.613,0,4.613,2
5.3024,0,5.3024,1
4.8473,0,4.8473,2
-6.352,0,6.352,1
5.5132,0,5.5132,2
-5.9689,0,5.9689,1
5.2054,0,5.2054,2
-4.9875,0,4.9875,1
3.8165,0,3.8165,2
-5.4979,0,5.4979,1
5.3501,0,5.3501,2
-6.2492,0,6.2492,1
4.5448,0,4.5448,2
4.6617,0,4.6617,1
-4.5839,0,4.5839,2
5.7066,0,5.7066,1
-3.9585,0,3.9585,2
4.7704,0,4.7704,1
4.0783,0,4.0783,2
-5.2407,0,5.2407,1
4.9705,0,4.9705,2
-5.1214,0,5.1214,1
4.9552,0,4.9552,2
-5.6809,0,5.6809,1
5.1509,0,5.1509,2
-5.8082,0,5.8082,1
-4.3885,0,4.3885,2
6.1226,0,6.1226,1
-4.4951,0,4.4951,2
4.5132,0,4.5132,1
-4.2749,0,4.2749,2
6.8358,0,6.8358,1
-5.6242,0,5.6242,2
4.903,0,4.903,1
-4.6561,0,4.6561,2
6.4203,0,6.4203,1
-4.9565,0,4.9565,2
5.3954,0,5.3954,1
-4.1957,0,4.1957,2
5.6139,0,5.6139,1
4.3969,0,4.3969,2
-4.7687,0,4.7687,1
4.5667,0,4.5667,2
4.7505,0,4.7505,1
-4.6881,0,4.6881,2
-5.4884,0,5.4884,1
5.387,0,5.387,2
-6.1341,0,6.1341,1
4.7419,0,4.7419,2
4.1423,0,4.1423,1
3.8658,0,3.8658,2
4.4011,0,4.4011,1
-4.3901,0,4.3901,2
-7.7532,0,7.7532,1
5.0809,0,5.0809,2
6.3704,0,6.3704,1
-3.7669,0,3.7669,2
-5.188,0,5.188,1
4.8758,0,4.8758,2
5.427,0,5.427,1
-5.1314,0,5.1314,2
-4.6696,0,4.6696,1
4.6191,0,4.6191,2
-4.6171,0,4.6171,1
3.6454,0,3.6454,2
-5.0156,0,5.0156,1
4.8261,0,4.8261,2
5.6623,0,5.6623,1
3.4984,0,3.4984,2
4.667,0,4.667,1
-4.5694,0,4.5694,2
-4.4624,0,4.4624,1
4.366,0,4.366,2
-5.3792,0,5.3792,1
5.0417,0,5.0417,2
4.7317,0,4.7317,1
-4.5877,0,4.5877,2
5.8572,0,5.8572,1
-5.5698,0,5.5698,2
-5.1621,0,5.1621,1
4.2896,0,4.2896,2
-4.8024,0,4.8024,1
4.3946,0,4.3946,2
-5.5828,0,5.5828,1
4.5336,0,4.5336,2
-5.1198,0,5.1198,1
3.9011,0,3.9011,2
4.5662,0,4.5662,1
-4.3279,0,4.3279,2
-6.5023,0,6.5023,1
-5.1594,0,5.1594,2
4.9514,0,4.9514,1
-4.6496,0,4.6496,2
5.4976,0,5.4976,1
-4.5606,0,4.5606,2
-5.558,0,5.558,1
5.1126,0,5.1126,2
-5.642,0,5.642,1
4.779,0,4.779,2
6.1294,0,6.1294,1
-4.7927,0,4.7927,2
5.651,0,5.651,1
-4.5149,0,4.5149,2
4.9618,0,4.9618,1
-4.1871,0,4.1871,2
-4.4056,0,4.4056,1
4.0986,0,4.0986,2
5.2465,0,5.2465,1
-4.95,0,4.95,2
5.3617,0,5.3617,1
-5.2498,0,5.2498,2
6.583,0,6.583,1
-4.6937,0,4.6937,2
5.132,0,5.132,1
-3.2099,0,3.2099,2
5.531,0,5.531,1
-5.3629,0,5.3629,2
5.5898,0,5.5898,1
4.4698,0,4.4698,2
-5.6262,0,5.6262,1
4.4761,0,4.4761,2
5.6191,0,5.6191,1
-4.3592,0,4.3592,2
4.9003,0,4.9003,1
-4.8863,0,4.8863,2
5.7137,0,5.7137,1
3.8421,0,3.8421,2
-5.8766,0,5.8766,1
5.037,0,5.037,2
-5.5487,0,5.5487,1
5.2986,0,5.2986,2
5.8788,0,5.8788,1
-5.4302,0,5.4302,2
-5.5292,0,5.5292,1
4.3472,0,4.3472,2
4.7914,0,4.7914,1
-4.6512,0,4.6512,2
5.2053,0,5.2053,1
-4.7494,0,4.7494,2
5.6399,0,5.6399,1
-4.3776,0,4.3776,2
4.3079,0,4.3079,1
-3.5718,0,3.5718,2
-5.8157,0,5.8157,1
-5.4959,0,5.4959,2
-4.6444,0,4.6444,1
4.5295,0,4.5295,2
-6.7045,0,6.7045,1
5.7682,0,5.7682,2
5.7543,0,5.7543,1
-4.7607,0,4.7607,2
5.1847,0,5.1847,1
-4.9256,0,4.9256,2
5.252,0,5.252,1
-4.4944,0,4.4944,2
4.3621,0,4.3621,1
-4.1224,0,4.1224,2
-4.9953,0,4.9953,1
-3.9659,0,3.9659,2
5.1182,0,5.1182,1
-3.9536,0,3.9536,2
-5.3603,0,5.3603,1
4.7863,0,4.7863,2
5.7877,0,5.7877,1
-5.7754,0,5.7754,2
5.4372,0,5.4372,1
-5.0672,0,5.0672,2
6.259,0,6.259,1
-4.8376,0,4.8376,2
5.6932,0,5.6932,1
-4.4174,0,4.4174,2
5.5541,0,5.5541,1
-4.8609,0,4.8609,2
5.133,0,5.133,1
-4.6715,0,4.6715,2
-5.1432,0,5.1432,1
5.1155,0,5.1155,2
4.275,0,4.275,1
-4.1171,0,4.1171,2
-6.8422,0,6.8422,1
5.035,0,5.035,2
4.9864,0,4.9864,1
-4.9651,0,4.9651,2
-5.8064,0,5.8064,1
4.6282,0,4.6282,2
4.6594,0,4.6594,1
-4.6338,0,4.6338,2
4.6917,0,4.6917,1
-4.1558,0,4.1558,2
-4.1542,0,4.1542,1
4.1444,0,4.1444,2
-5.4603,0,5.4603,1
4.8329,0,4.8329,2
-4.1228,0,4.1228,1
3.787,0,3.787,2
4.9392,0,4.9392,1
-4.1624,0,4.1624,2
4.6592,0,4.6592,1
-4.3761,0,4.3761,2
-4.8517,0,4.8517,1
-4.0892,0,4.0892,2
-5.3435,0,5.3435,1
4.8732,0,4.8732,2
-5.7453,0,5.7453,1
-4.7509,0,4.7509,2
-5.9062,0,5.9062,1
4.9623,0,4.9623,2
-4.8747,0,4.8747,1
3.9764,0,3.9764,2
5.4326,0,5.4326,1
-4.8617,0,4.8617,2
4.2773,0,4.2773,1
-4.1274,0,4.1274,2
5.6985,0,5.6985,1
-4.4884,0,4.4884,2
-5.3737,0,5.3737,1
4.938,0,4.938,2
5.7825,0,5.7825,1
-4.5736,0,4.5736,2
-5.3517,0,5.3517,1
5.2274,0,5.2274,2
-5.2891,0,5.2891,1
5.1415,0,5.1415,2
-6.8712,0,6.8712,1
6.0183,0,6.0183,2
-4.8582,0,4.8582,1
4.2076,0,4.2076,2
-5.7328,0,5.7328,1
4.2727,0,4.2727,2
5.048,0,5.048,1
-4.9939,0,4.9939,2
4.9347,0,4.9347,1
-4.57,0,4.57,2
-4.2613,0,4.2613,1
3.831,0,3.831,2
-5.2175,0,5.2175,1
3.8361,0,3.8361,2
-6.5428,0,6.5428,1
6.3196,0,6.3196,2
5.6041,0,5.6041,1
-5.1568,0,5.1568,2
4.9404,0,4.9404,1
4.2386,0,4.2386,2
-4.8286,0,4.8286,1
4.8057,0,4.8057,2
7.0976,0,7.0976,1
-6.0312,0,6.0312,2
-5.5132,0,5.5132,1
-4.5066,0,4.5066,2
-5.4314,0,5.4314,1
5.1366,0,5.1366,2
6.6614,0,6.6614,1
-5.2457,0,5.2457,2
-5.6065,0,5.6065,1
4.0222,0,4.0222,2
-5.7217,0,5.7217,1
-4.5231,0,4.5231,2
-6.1946,0,6.1946,1
5.1427,0,5.1427,2
4.5034,0,4.5034,1
-4.3678,0,4.3678,2
5.9147,0,5.9147,1
4.2045,0,4.2045,2
-5.469,0,5.469,1
-4.6251,0,4.6251,2
-5.6628,0,5.6628,1
4.6962,0,4.6962,2
-4.9364,0,4.9364,1
-4.2186,0,4.2186,2
5.6473,0,5.6473,1
-5.0772,0,5.0772,2
5.4264,0,5.4264,1
-4.3493,0,4.3493,2
4.679,0,4.679,1
-4.5874,0,4.5874,2
-5.4659,0,5.4659,1
4.6749,0,4.6749,2
6.8463,0,6.8463,1
4.9896,0,4.9896,2
-5.7207,0,5.7207,1
-4.6865,0,4.6865,2
-5.7416,0,5.7416,1
4.8626,0,4.8626,2
-5.9724,0,5.9724,1
5.8963,0,5.8963,2
6.5229,0,6.5229,1
-4.661,0,4.661,2
-7.1726,0,7.1726,1
3.6633,0,3.6633,2
-5.5513,0,5.5513,1
5.2218,0,5.2218,2
-7.2491,0,7.2491,1
4.8364,0,4.8364,2
-7.1323,0,7.1323,1
5.9311,0,5.9311,2
-4.3776,0,4.3776,1
-4.188,0,4.188,2
4.7703,0,4.7703,1
-4.2533,0,4.2533,2
5.0957,0,5.0957,1
4.4734,0,4.4734,2
4.5143,0,4.5143,1
-4.1373,0,4.1373,2
5.3705,0,5.3705,1
4.0754,0,4.0754,2
-5.2653,0,5.2653,1
-5.0284,0,5.0284,2
-6.1887,0,6.1887,1
4.904,0,4.904,2
5.9345,0,5.9345,1
-5.1183,0,5.1183,2
-4.4718,0,4.4718,1
-4.1823,0,4.1823,2
4.591,0,4.591,1
-4.3269,0,4.3269,2
-4.7474,0,4.7474,1
4.4476,0,4.4476,2
-6.2106,0,6.2106,1
5.5691,0,5.5691,2
-5.4295,0,5.4295,1
5.269,0,5.269,2
-4.8759,0,4.8759,1
4.7116,0,4.7116,2
-7.1416,0,7.1416,1
-5.3077,0,5.3077,2
-5.5331,0,5.5331,1
-4.3169,0,4.3169,2
-5.2501,0,5.2501,1
5.2456,0,5.2456,2
5.7,0,5.7,1
-3.727,0,3.727,2
-6.1595,0,6.1595,1
4.339,0,4.339,2
-6.8034,0,6.8034,1
-5.1981,0,5.1981,2
5.4905,0,5.4905,1
3.7745,0,3.7745,2
6.6697,0,6.6697,1
5.7375,0,5.7375,2
-5.1267,0,5.1267,1
4.9547,0,4.9547,2
-5.1615,0,5.1615,1
4.5082,0,4.5082,2
4.8461,0,4.8461,1
-4.7932,0,4.7932,2
-6.5355,0,6.5355,1
6.0861,0,6.0861,2
6.2648,0,6.2648,1
-5.0161,0,5.0161,2
5.2618,0,5.2618,1
-4.8006,0,4.8006,2
-6.2765,0,6.2765,1
5.2465,0,5.2465,2
-4.4541,0,4.4541,1
3.8429,0,3.8429,2
4.7634,0,4.7634,1
4.2441,0,4.2441,2
5.8734,0,5.8734,1
-5.1348,0,5.1348,2
-5.4889,0,5.4889,1
4.2442,0,4.2442,2
7.0997,0,7.0997,1
-5.715,0,5.715,2
-5.5923,0,5.5923,1
5.1515,0,5.1515,2
-6.1711,0,6.1711,1
4.8055,0,4.8055,2
6.4337,0,6.4337,1
-5.216,0,5.216,2
4.8947,0,4.8947,1
-4.3368,0,4.3368,2
4.8048,0,4.8048,1
4.4699,0,4.4699,2
-4.7411,0,4.7411,1
-3.8743,0,3.8743,2
-5.0075,0,5.0075,1
4.3531,0,4.3531,2
5.9904,0,5.9904,1
-5.4058,0,5.4058,2
6.5479,0,6.5479,1
-4.8126,0,4.8126,2
-6.0605,0,6.0605,1
-4.7909,0,4.7909,2
-5.5834,0,5.5834,1
5.1795,0,5.1795,2
6.4849,0,6.4849,1
4.185,0,4.185,2
4.6966,0,4.6966,1
-4.6292,0,4.6292,2
4.461,0,4.461,1
-4.2966,0,4.2966,2
-6.6812,0,6.6812,1
-6.1078,0,6.1078,2
-4.7133,0,4.7133,1
-4.0896,0,4.0896,2
-5.6311,0,5.6311,1
-4.4836,0,4.4836,2
-6.3406,0,6.3406,1
4.5142,0,4.5142,2
-4.6395,0,4.6395,1
3.7439,0,3.7439,2
-4.414,0,4.414,1
4.3768,0,4.3768,2
4.9774,0,4.9774,1
-4.821,0,4.821,2
6.1905,0,6.1905,1
-4.39,0,4.39,2
-5.6479,0,5.6479,1
5.2952,0,5.2952,2
5.631,0,5.631,1
-3.8298,0,3.8298,2
5.0832,0,5.0832,1
-4.8929,0,4.8929,2
5.2479,0,5.2479,1
-4.5676,0,4.5676,2
-5.9155,0,5.9155,1
-3.4611,0,3.4611,2
5.6896,0,5.6896,1
-5.3865,0,5.3865,2
6.4223,0,6.4223,1
-5.1266,0,5.1266,2
6.9363,0,6.9363,1
-6.6475,0,6.6475,2
-4.823,0,4.823,1
4.5095,0,4.5095,2
-5.3109,0,5.3109,1
5.1292,0,5.1292,2
5.118,0,5.118,1
4.371,0,4.371,2
5.2037,0,5.2037,1
-4.366,0,4.366,2
-5.7885,0,5.7885,1
-4.4713,0,4.4713,2
5.3778,0,5.3778,1
-5.2228,0,5.2228,2
5.264,0,5.264,1
-4.868,0,4.868,2
8.0922,0,8.0922,1
-6.2343,0,6.2343,2
7.4587,0,7.4587,1
6.9046,0,6.9046,2
-4.6205,0,4.6205,1
4.465,0,4.465,2
-5.4561,0,5.4561,1
4.8937,0,4.8937,2
6.5505,0,6.5505,1
-5.2103,0,5.2103,2
6.6553,0,6.6553,1
-4.0141,0,4.0141,2
-6.9687,0,6.9687,1
5.1896,0,5.1896,2
-3.8361,0,3.8361,1
-3.3868,0,3.3868,2
-4.3735,0,4.3735,1
3.7581,0,3.7581,2
4.6245,0,4.6245,1
-4.2073,0,4.2073,2
5.4728,0,5.4728,1
-4.6687,0,4.6687,2
-4.8532,0,4.8532,1
-3.7565,0,3.7565,2
5.3489,0,5.3489,1
3.9335,0,3.9335,2
-5.2955,0,5.2955,1
5.2934,0,5.2934,2
-4.6935,0,4.6935,1
4.3529,0,4.3529,2
5.4704,0,5.4704,1
-5.0539,0,5.0539,2
5.7087,0,5.7087,1
-5.207,0,5.207,2
-5.9359,0,5.9359,1
4.6442,0,4.6442,2
-5.4521,0,5.4521,1
5.1588,0,5.1588,2
-6.4457,0,6.4457,1
-5.332,0,5.332,2
-6.102,0,6.102,1
6.0684,0,6.0684,2
-5.4557,0,5.4557,1
4.4908,0,4.4908,2
5.6213,0,5.6213,1
-3.9203,0,3.9203,2
5.872,0,5.872,1
-5.2974,0,5.2974,2
-5.33,0,5.33,1
5.25,0,5.25,2
5.8797,0,5.8797,1
-5.1543,0,5.1543,2
6.4036,0,6.4036,1
-5.8288,0,5.8288,2
-6.7977,0,6.7977,1
4.9672,0,4.9672,2
6.0404,0,6.0404,1
-5.4068,0,5.4068,2
-4.7557,0,4.7557,1
3.9659,0,3.9659,2
-5.7144,0,5.7144,1
3.7264,0,3.7264,2
5.0439,0,5.0439,1
-4.5465,0,4.5465,2
-4.7278,0,4.7278,1
4.1116,0,4.1116,2
-5.7665,0,5.7665,1
-4.1194,0,4.1194,2
5.3655,0,5.3655,1
-5.0821,0,5.0821,2
4.7513,0,4.7513,1
3.8572,0,3.8572,2
4.8719,0,4.8719,1
-4.4735,0,4.4735,2
5.38,0,5.38,1
-3.9374,0,3.9374,2
-5.3263,0,5.3263,1
4.9676,0,4.9676,2
4.718,0,4.718,1
-4.1953,0,4.1953,2
-4.9768,0,4.9768,1
4.7025,0,4.7025,2
-6.3712,0,6.3712,1
3.6267,0,3.6267,2
-5.2728,0,5.2728,1
5.1132,0,5.1132,2
5.5257,0,5.5257,1
-4.7058,0,4.7058,2
-5.0442,0,5.0442,1
4.4623,0,4.4623,2
5.8007,0,5.8007,1
-5.0805,0,5.0805,2
-5.7189,0,5.7189,1
-4.6577,0,4.6577,2
-7.3038,0,7.3038,1
6.0389,0,6.0389,2
6.3095,0,6.3095,1
-5.6194,0,5.6194,2
-5.733,0,5.733,1
4.3801,0,4.3801,2
-5.8392,0,5.8392,1
5.2192,0,5.2192,2
-5.2759,0,5.2759,1
4.9891,0,4.9891,2
4.5433,0,4.5433,1
-4.3842,0,4.3842,2
5.587,0,5.587,1
-4.9153,0,4.9153,2
-5.0442,0,5.0442,1
4.7605,0,4.7605,2
5.434,0,5.434,1
4.5681,0,4.5681,2
-5.4339,0,5.4339,1
4.3004,0,4.3004,2
5.4948,0,5.4948,1
-4.7695,0,4.7695,2
-6.2042,0,6.2042,1
5.705,0,5.705,2
-5.6524,0,5.6524,1
5.0986,0,5.0986,2
5.6527,0,5.6527,1
-3.6872,0,3.6872,2
5.048,0,5.048,1
4.9222,0,4.9222,2
5.7981,0,5.7981,1
4.4442,0,4.4442,2
5.5545,0,5.5545,1
-5.2347,0,5.2347,2
7.2732,0,7.2732,1
-5.0867,0,5.0867,2
6.2981,0,6.2981,1
4.9946,0,4.9946,2
-6.1918,0,6.1918,1
-5.0674,0,5.0674,2
4.9212,0,4.9212,1
-3.9008,0,3.9008,2
-6.3883,0,6.3883,1
4.2677,0,4.2677,2
6.2236,0,6.2236,1
4.6695,0,4.6695,2
5.2093,0,5.2093,1
-4.8434,0,4.8434,2
5.5879,0,5.5879,1
-4.8107,0,4.8107,2
5.1557,0,5.1557,1
-4.238,0,4.238,2
-7.0273,0,7.0273,1
-4.4072,0,4.4072,2
-6.1074,0,6.1074,1
4.2648,0,4.2648,2
-6.3692,0,6.3692,1
5.0345,0,5.0345,2
6.2352,0,6.2352,1
-5.5703,0,5.5703,2
5.1568,0,5.1568,1
-5.1447,0,5.1447,2
-4.2787,0,4.2787,1
4.0827,0,4.0827,2
-5.8289,0,5.8289,1
5.0144,0,5.0144,2
-4.8947,0,4.8947,1
4.5262,0,4.5262,2
6.9466,0,6.9466,1
-4.7255,0,4.7255,2
-7.294,0,7.294,1
5.3256,0,5.3256,2
-5.925,0,5.925,1
5.1403,0,5.1403,2
5.4115,0,5.4115,1
-4.573,0,4.573,2
5.5272,0,5.5272,1
-5.0683,0,5.0683,2
-5.0932,0,5.0932,1
4.0588,0,4.0588,2
-5.8278,0,5.8278,1
4.1798,0,4.1798,2
5.9071,0,5.9071,1
-4.6006,0,4.6006,2
4.7248,0,4.7248,1
-4.2494,0,4.2494,2
-5.295,0,5.295,1
4.736,0,4.736,2
-4.5968,0,4.5968,1
4.136,0,4.136,2
5.9194,0,5.9194,1
-5.4381,0,5.4381,2
5.2482,0,5.2482,1
-4.3445,0,4.3445,2
-5.0963,0,5.0963,1
4.0048,0,4.0048,2
5.8218,0,5.8218,1
-4.6775,0,4.6775,2
5.4193,0,5.4193,1
4.9695,0,4.9695,2
-5.4243,0,5.4243,1
-4.3851,0,4.3851,2
-5.3834,0,5.3834,1
4.8949,0,4.8949,2
-5.0973,0,5.0973,1
4.2278,0,4.2278,2
-4.3291,0,4.3291,1
4.1925,0,4.1925,2
-5.6012,0,5.6012,1
4.754,0,4.754,2
-5.0574,0,5.0574,1
4.5388,0,4.5388,2
5.985,0,5.985,1
-5.2891,0,5.2891,2
-5.7399,0,5.7399,1
5.1373,0,5.1373,2
-5.3878,0,5.3878,1
4.5128,0,4.5128,2
-5.8284,0,5.8284,1
4.6015,0,4.6015,2
-4.6877,0,4.6877,1
4.6758,0,4.6758,2
-5.8196,0,5.8196,1
5.2245,0,5.2245,2
-6.0654,0,6.0654,1
5.1875,0,5.1875,2
-4.9439,0,4.9439,1
3.497,0,3.497,2
4.3377,0,4.3377,1
-3.8763,0,3.8763,2
5.0584,0,5.0584,1
-4.9923,0,4.9923,2
-6.2197,0,6.2197,1
4.4712,0,4.4712,2
6.0456,0,6.0456,1
-5.3989,0,5.3989,2
6.3979,0,6.3979,1
-5.2682,0,5.2682,2
5.1199,0,5.1199,1
-4.542,0,4.542,2
4.8969,0,4.8969,1
-4.639,0,4.639,2
-5.5567,0,5.5567,1
4.7829,0,4.7829,2
5.5051,0,5.5051,1
4.0465,0,4.0465,2
-6.2674,0,6.2674,1
4.5689,0,4.5689,2
4.6368,0,4.6368,1
-4.3095,0,4.3095,2
-4.9669,0,4.9669,1
4.4887,0,4.4887,2
5.142,0,5.142,1
-4.654,0,4.654,2
7.6254,0,7.6254,1
-4.9104,0,4.9104,2
7.1227,0,7.1227,1
4.4102,0,4.4102,2
-5.5103,0,5.5103,1
5.2995,0,5.2995,2
5.2754,0,5.2754,1
-4.8488,0,4.8488,2
-5.241,0,5.241,1
4.9906,0,4.9906,2
5.7893,0,5.7893,1
-4.8255,0,4.8255,2
-5.777,0,5.777,1
4.161,0,4.161,2
4.2036,0,4.2036,1
-4.1411,0,4.1411,2
-4.8745,0,4.8745,1
4.4593,0,4.4593,2
6.5503,0,6.5503,1
-4.0037,0,4.0037,2
-5.0023,0,5.0023,1
4.1772,0,4.1772,2
-5.5882,0,5.5882,1
4.6064,0,4.6064,2
-6.249,0,6.249,1
4.5553,0,4.5553,2
-5.0145,0,5.0145,1
4.7545,0,4.7545,2
-5.1223,0,5.1223,1
4.3735,0,4.3735,2
5.8719,0,5.8719,1
-5.7123,0,5.7123,2
5.5191,0,5.5191,1
-4.7796,0,4.7796,2
6.2158,0,6.2158,1
-4.8615,0,4.8615,2
-4.5636,0,4.5636,1
4.27,0,4.27,2
-5.8109,0,5.8109,1
3.8783,0,3.8783,2
4.9163,0,4.9163,1
-4.9145,0,4.9145,2
-5.2841,0,5.2841,1
3.614,0,3.614,2
7.0922,0,7.0922,1
-4.7452,0,4.7452,2
5.2621,0,5.2621,1
-4.5305,0,4.5305,2
4.8504,0,4.8504,1
-3.9215,0,3.9215,2
-5.2298,0,5.2298,1
4.1446,0,4.1446,2
-5.1967,0,5.1967,1
4.806,0,4.806,2
3.9058,0,3.9058,1
-3.7174,0,3.7174,2
6.0263,0,6.0263,1
-4.5875,0,4.5875,2
5.7692,0,5.7692,1
-5.4739,0,5.4739,2
-6.8242,0,6.8242,1
5.1204,0,5.1204,2
6.1831,0,6.1831,1
-4.04,0,4.04,2
-5.6574,0,5.6574,1
5.3059,0,5.3059,2
-5.865,0,5.865,1
5.2992,0,5.2992,2
-5.3199,0,5.3199,1
4.5017,0,4.5017,2
5.0243,0,5.0243,1
-4.157,0,4.157,2
4.6564,0,4.6564,1
-4.3097,0,4.3097,2
-5.5665,0,5.5665,1
-3.8446,0,3.8446,2
6.0457,0,6.0457,1
-4.3072,0,4.3072,2
4.8961,0,4.8961,1
3.8727,0,3.8727,2
-6.3877,0,6.3877,1
4.8926,0,4.8926,2
-5.4915,0,5.4915,1
4.361,0,4.361,2
4.3039,0,4.3039,1
-4.2618,0,4.2618,2
6.9593,0,6.9593,1
5.6055,0,5.6055,2
5.4573,0,5.4573,1
-3.8682,0,3.8682,2
5.0275,0,5.0275,1
-4.9142,0,4.9142,2
-5.381,0,5.381,1
4.175,0,4.175,2
-5.4127,0,5.4127,1
-4.5778,0,4.5778,2
-5.1601,0,5.1601,1
4.1079,0,4.1079,2
-6.0968,0,6.0968,1
4.2002,0,4.2002,2
5.6593,0,5.6593,1
-4.5988,0,4.5988,2
5.2462,0,5.2462,1
-4.8664,0,4.8664,2
-4.3256,0,4.3256,1
3.5467,0,3.5467,2
-5.8374,0,5.8374,1
-5.686,0,5.686,2
4.2522,0,4.2522,1
-4.1966,0,4.1966,2
-4.6998,0,4.6998,1
3.5177,0,3.5177,2
-5.7877,0,5.7877,1
5.5213,0,5.5213,2
5.6151,0,5.6151,1
-3.7126,0,3.7126,2
-4.3873,0,4.3873,1
4.1402,0,4.1402,2
-5.6122,0,5.6122,1
4.6313,0,4.6313,2
5.287,0,5.287,1
-4.4857,0,4.4857,2
7.1729,0,7.1729,1
-5.3159,0,5.3159,2
-5.6341,0,5.6341,1
5.4556,0,5.4556,2
-5.8127,0,5.8127,1
5.3128,0,5.3128,2
-4.523,0,4.523,1
3.8136,0,3.8136,2
5.1147,0,5.1147,1
-5.0955,0,5.0955,2
-5.924,0,5.924,1
4.1462,0,4.1462,2
6.6083,0,6.6083,1
-5.2161,0,5.2161,2
-6.2351,0,6.2351,1
5.8607,0,5.8607,2
-5.997,0,5.997,1
5.7655,0,5.7655,2
-5.3312,0,5.3312,1
3.9598,0,3.9598,2
5.5662,0,5.5662,1
4.7954,0,4.7954,2
-5.7729,0,5.7729,1
4.5307,0,4.5307,2
-5.3608,0,5.3608,1
4.1413,0,4.1413,2
5.0173,0,5.0173,1
-4.4292,0,4.4292,2
6.9372,0,6.9372,1
4.0628,0,4.0628,2
5.1318,0,5.1318,1
-4.8164,0,4.8164,2
4.932,0,4.932,1
-4.5849,0,4.5849,2
4.9525,0,4.9525,1
-4.4131,0,4.4131,2
4.908,0,4.908,1
-4.5562,0,4.5562,2
-4.4943,0,4.4943,1
4.492,0,4.492,2
-6.1361,0,6.1361,1
5.7575,0,5.7575,2
6.1794,0,6.1794,1
-5.7319,0,5.7319,2
5.2842,0,5.2842,1
-4.8608,0,4.8608,2
5.4058,0,5.4058,1
4.9002,0,4.9002,2
4.1785,0,4.1785,1
-3.7277,0,3.7277,2
-4.5735,0,4.5735,1
3.4633,0,3.4633,2
-5.4712,0,5.4712,1
4.2988,0,4.2988,2
5.7805,0,5.7805,1
-4.6152,0,4.6152,2
5.0325,0,5.0325,1
-4.8934,0,4.8934,2
6.6338,0,6.6338,1
-6.0247,0,6.0247,2
6.9948,0,6.9948,1
-6.5344,0,6.5344,2
5.764,0,5.764,1
-5.3423,0,5.3423,2
-6.0364,0,6.0364,1
4.9869,0,4.9869,2
4.9405,0,4.9405,1
-4.7132,0,4.7132,2
-5.8681,0,5.8681,1
4.9938,0,4.9938,2
5.1911,0,5.1911,1
3.6866,0,3.6866,2
4.9425,0,4.9425,1
-4.7508,0,4.7508,2
7.345,0,7.345,1
-4.508,0,4.508,2
5.0864,0,5.0864,1
-4.7756,0,4.7756,2
6.2124,0,6.2124,1
-5.0258,0,5.0258,2
-5.9088,0,5.9088,1
4.718,0,4.718,2
-5.0151,0,5.0151,1
-4.0784,0,4.0784,2
-5.4511,0,5.4511,1
4.7342,0,4.7342,2
6.4143,0,6.4143,1
-4.6895,0,4.6895,2
4.62,0,4.62,1
-4.3986,0,4.3986,2
-5.9458,0,5.9458,1
4.4571,0,4.4571,2
5.4496,0,5.4496,1
-3.9164,0,3.9164,2
-5.1744,0,5.1744,1
4.3042,0,4.3042,2
-5.3942,0,5.3942,1
4.4728,0,4.4728,2
-5.1471,0,5.1471,1
4.8862,0,4.8862,2
-6.0057,0,6.0057,1
-5.0435,0,5.0435,2
-5.3156,0,5.3156,1
5.2677,0,5.2677,2
-5.942,0,5.942,1
5.9123,0,5.9123,2
5.3001,0,5.3001,1
-4.9187,0,4.9187,2
-4.129,0,4.129,1
-3.6202,0,3.6202,2
4.9285,0,4.9285,1
-4.6758,0,4.6758,2
-4.532,0,4.532,1
3.6951,0,3.6951,2
5.2746,0,5.2746,1
4.5015,0,4.5015,2
-5.6952,0,5.6952,1
4.2424,0,4.2424,2
-4.5524,0,4.5524,1
4.4934,0,4.4934,2
-4.8678,0,4.8678,1
3.936,0,3.936,2
5.2755,0,5.2755,1
3.8766,0,3.8766,2
5.4282,0,5.4282,1
4.4263,0,4.4263,2
5.2161,0,5.2161,1
-4.2373,0,4.2373,2
-6.3484,0,6.3484,1
-4.8211,0,4.8211,2
-5.8793,0,5.8793,1
3.9109,0,3.9109,2
-4.754,0,4.754,1
4.7477,0,4.7477,2
-5.1291,0,5.1291,1
4.3015,0,4.3015,2
-6.3551,0,6.3551,1
6.2964,0,6.2964,2
5.3447,0,5.3447,1
-4.7761,0,4.7761,2
-6.2427,0,6.2427,1
5.3606,0,5.3606,2
-5.213,0,5.213,1
4.8901,0,4.8901,2
-6.5589,0,6.5589,1
4.7747,0,4.7747,2
-4.5641,0,4.5641,1
4.2233,0,4.2233,2
5.2648,0,5.2648,1
-4.4007,0,4.4007,2
4.9895,0,4.9895,1
-4.7844,0,4.7844,2
-6.0188,0,6.0188,1
-5.5111,0,5.5111,2
6.2456,0,6.2456,1
-4.3786,0,4.3786,2
5.3335,0,5.3335,1
4.9942,0,4.9942,2
-5.0188,0,5.0188,1
4.4616,0,4.4616,2
4.8213,0,4.8213,1
-4.6167,0,4.6167,2
-5.7437,0,5.7437,1
-5.3557,0,5.3557,2
-6.5496,0,6.5496,1
-5.3566,0,5.3566,2
-6.5759,0,6.5759,1
4.5287,0,4.5287,2
5.221,0,5.221,1
-4.7378,0,4.7378,2
-5.7105,0,5.7105,1
4.3458,0,4.3458,2
-5.1728,0,5.1728,1
5.0869,0,5.0869,2
4.9807,0,4.9807,1
-4.2547,0,4.2547,2
-6.6956,0,6.6956,1
5.1151,0,5.1151,2
5.1971,0,5.1971,1
-4.4887,0,4.4887,2
4.8444,0,4.8444,1
-4.6874,0,4.6874,2
-5.563,0,5.563,1
4.5844,0,4.5844,2
4.1972,0,4.1972,1
3.8498,0,3.8498,2
5.0833,0,5.0833,1
-4.2468,0,4.2468,2
-4.9091,0,4.9091,1
4.1519,0,4.1519,2
4.8788,0,4.8788,1
-4.8546,0,4.8546,2
5.6011,0,5.6011,1
-4.3502,0,4.3502,2
-5.6372,0,5.6372,1
5.285,0,5.285,2
-5.5721,0,5.5721,1
5.3733,0,5.3733,2
-5.1945,0,5.1945,1
4.2284,0,4.2284,2
-6.3205,0,6.3205,1
4.9387,0,4.9387,2
4.9534,0,4.9534,1
-4.9022,0,4.9022,2
5.6706,0,5.6706,1
-5.296,0,5.296,2
6.5748,0,6.5748,1
-5.3019,0,5.3019,2
4.7317,0,4.7317,1
-4.4956,0,4.4956,2
5.072,0,5.072,1
-5.0008,0,5.0008,2
6.2467,0,6.2467,1
-5.3783,0,5.3783,2
-4.9599,0,4.9599,1
3.8391,0,3.8391,2
-5.6911,0,5.6911,1
-4.1682,0,4.1682,2
6.9264,0,6.9264,1
-6.3015,0,6.3015,2
-5.3531,0,5.3531,1
5.3029,0,5.3029,2
5.5678,0,5.5678,1
-4.8484,0,4.8484,2
-4.9803,0,4.9803,1
-4.9162,0,4.9162,2
-5.5372,0,5.5372,1
-4.1327,0,4.1327,2
6.5665,0,6.5665,1
4.7506,0,4.7506,2
5.046,0,5.046,1
-4.9534,0,4.9534,2
-5.6822,0,5.6822,1
-5.0775,0,5.0775,2
5.8124,0,5.8124,1
-4.9282,0,4.9282,2
-4.9959,0,4.9959,1
4.5054,0,4.5054,2
5.496,0,5.496,1
-4.9989,0,4.9989,2
5.3229,0,5.3229,1
-5.1737,0,5.1737,2
6.1352,0,6.1352,1
-5.0986,0,5.0986,2
-5.9285,0,5.9285,1
5.5041,0,5.5041,2
5.4456,0,5.4456,1
-4.6942,0,4.6942,2
6.0104,0,6.0104,1
4.9728,0,4.9728,2
5.0581,0,5.0581,1
-4.9411,0,4.9411,2
-4.6321,0,4.6321,1
4.5278,0,4.5278,2
4.3681,0,4.3681,1
-3.8248,0,3.8248,2
4.8467,0,4.8467,1
-3.6029,0,3.6029,2
4.4427,0,4.4427,1
-4.4188,0,4.4188,2
-6.1826,0,6.1826,1
4.7205,0,4.7205,2
-6.4693,0,6.4693,1
-5.0041,0,5.0041,2
-6.1173,0,6.1173,1
4.7776,0,4.7776,2
4.2367,0,4.2367,1
-4.1712,0,4.1712,2
6.1283,0,6.1283,1
-5.1279,0,5.1279,2
5.3269,0,5.3269,1
-4.7142,0,4.7142,2
6.1693,0,6.1693,1
-5.2323,0,5.2323,2
-5.8083,0,5.8083,1
4.4543,0,4.4543,2
-4.8238,0,4.8238,1
3.8869,0,3.8869,2
5.3781,0,5.3781,1
-4.8753,0,4.8753,2
-5.4762,0,5.4762,1
-4.9433,0,4.9433,2
5.5894,0,5.5894,1
-5.2294,0,5.2294,2
5.1433,0,5.1433,1
-3.6645,0,3.6645,2
-4.2258,0,4.2258,1
3.7985,0,3.7985,2
6.9315,0,6.9315,1
-5.4041,0,5.4041,2
-5.106,0,5.106,1
4.838,0,4.838,2
5.9915,0,5.9915,1
-5.0664,0,5.0664,2
-6.022,0,6.022,1
-4.8705,0,4.8705,2
5.085,0,5.085,1
-4.4263,0,4.4263,2
-5.9161,0,5.9161,1
-4.4841,0,4.4841,2
5.0351,0,5.0351,1
-4.3312,0,4.3312,2
-4.7471,0,4.7471,1
-3.5755,0,3.5755,2
-5.4709,0,5.4709,1
4.4011,0,4.4011,2
-5.5207,0,5.5207,1
4.2195,0,4.2195,2
-4.7731,0,4.7731,1
4.0281,0,4.0281,2
5.468,0,5.468,1
-4.373,0,4.373,2
-5.636,0,5.636,1
4.2089,0,4.2089,2
4.4288,0,4.4288,1
-4.2983,0,4.2983,2
4.2492,0,4.2492,1
-3.9597,0,3.9597,2
4.3912,0,4.3912,1
-3.933,0,3.933,2
-4.8598,0,4.8598,1
4.5059,0,4.5059,2
-6.6745,0,6.6745,1
4.4945,0,4.4945,2
4.9543,0,4.9543,1
-4.7302,0,4.7302,2
5.6353,0,5.6353,1
4.8267,0,4.8267,2
-4.8096,0,4.8096,1
3.7684,0,3.7684,2
-6.3983,0,6.3983,1
4.7873,0,4.7873,2
6.0913,0,6.0913,1
-5.3951,0,5.3951,2
-4.8859,0,4.8859,1
4.3669,0,4.3669,2
5.3899,0,5.3899,1
-5.3447,0,5.3447,2
4.7895,0,4.7895,1
-4.6201,0,4.6201,2
-6.0433,0,6.0433,1
4.8565,0,4.8565,2
8.2009,0,8.2009,1
3.8232,0,3.8232,2
-6.5058,0,6.5058,1
4.9762,0,4.9762,2
5.4825,0,5.4825,1
-5.0395,0,5.0395,2
-5.0227,0,5.0227,1
4.4415,0,4.4415,2
5.6225,0,5.6225,1
-4.7131,0,4.7131,2
4.9116,0,4.9116,1
4.0173,0,4.0173,2
-6.8454,0,6.8454,1
5.5639,0,5.5639,2
-6.5662,0,6.5662,1
-5.2613,0,5.2613,2
-6.8964,0,6.8964,1
5.4463,0,5.4463,2
6.8421,0,6.8421,1
-4.7855,0,4.7855,2
-5.32,0,5.32,1
-4.1707,0,4.1707,2
6.832,0,6.832,1
4.9401,0,4.9401,2
5.3676,0,5.3676,1
4.0169,0,4.0169,2
6.0041,0,6.0041,1
-5.6468,0,5.6468,2
-5.7296,0,5.7296,1
4.2027,0,4.2027,2
-4.3469,0,4.3469,1
3.8884,0,3.8884,2
5.0458,0,5.0458,1
-4.152,0,4.152,2
-5.0429,0,5.0429,1
4.9585,0,4.9585,2
4.6826,0,4.6826,1
-4.654,0,4.654,2
5.6501,0,5.6501,1
-5.2883,0,5.2883,2
-5.1309,0,5.1309,1
4.7188,0,4.7188,2
4.9853,0,4.9853,1
-4.5965,0,4.5965,2
5.0115,0,5.0115,1
-4.803,0,4.803,2
-5.3588,0,5.3588,1
3.3031,0,3.3031,2
5.4013,0,5.4013,1
-4.6764,0,4.6764,2
-5.0934,0,5.0934,1
4.7783,0,4.7783,2
5.168,0,5.168,1
-3.7231,0,3.7231,2
-5.3861,0,5.3861,1
4.885,0,4.885,2
-5.7672,0,5.7672,1
-5.1904,0,5.1904,2
-5.4065,0,5.4065,1
5.3634,0,5.3634,2
-5.4912,0,5.4912,1
4.7055,0,4.7055,2
5.2244,0,5.2244,1
-4.9804,0,4.9804,2
-5.8393,0,5.8393,1
5.6878,0,5.6878,2
5.1375,0,5.1375,1
-3.9572,0,3.9572,2
-5.4027,0,5.4027,1
4.9576,0,4.9576,2
-5.5853,0,5.5853,1
4.8582,0,4.8582,2
5.0609,0,5.0609,1
-4.8065,0,4.8065,2
6.3065,0,6.3065,1
-5.8594,0,5.8594,2
-5.4954,0,5.4954,1
5.0856,0,5.0856,2
-5.1468,0,5.1468,1
4.9485,0,4.9485,2
6.036,0,6.036,1
-4.6819,0,4.6819,2
4.9422,0,4.9422,1
-4.7689,0,4.7689,2
-5.8643,0,5.8643,1
4.6836,0,4.6836,2
-5.4676,0,5.4676,1
4.8743,0,4.8743,2
5.7709,0,5.7709,1
4.7233,0,4.7233,2
-5.9337,0,5.9337,1
4.7896,0,4.7896,2
5.2446,0,5.2446,1
-4.157,0,4.157,2
5.8535,0,5.8535,1
-5.6586,0,5.6586,2
-5.6991,0,5.6991,1
4.6126,0,4.6126,2
5.2656,0,5.2656,1
-4.5607,0,4.5607,2
-5.9997,0,5.9997,1
5.0788,0,5.0788,2
6.9872,0,6.9872,1
4.9185,0,4.9185,2
4.2726,0,4.2726,1
-4.2398,0,4.2398,2
4.8858,0,4.8858,1
-3.8578,0,3.8578,2
5.3141,0,5.3141,1
-4.7867,0,4.7867,2
6.0962,0,6.0962,1
-5.7725,0,5.7725,2
-6.6545,0,6.6545,1
5.4883,0,5.4883,2
-5.2357,0,5.2357,1
4.6556,0,4.6556,2
-5.4746,0,5.4746,1
4.7437,0,4.7437,2
-7.0334,0,7.0334,1
5.2621,0,5.2621,2
5.3922,0,5.3922,1
-4.1866,0,4.1866,2
-5.1902,0,5.1902,1
4.4613,0,4.4613,2
-4.9576,0,4.9576,1
-4.0872,0,4.0872,2
5.5054,0,5.5054,1
-5.0189,0,5.0189,2
6.057,0,6.057,1
-5.2801,0,5.2801,2
-6.3005,0,6.3005,1
4.3113,0,4.3113,2
4.357,0,4.357,1
-4.2874,0,4.2874,2
4.5776,0,4.5776,1
4.0854,0,4.0854,2
-5.155,0,5.155,1
4.7295,0,4.7295,2
-6.1318,0,6.1318,1
-3.8246,0,3.8246,2
-6.7628,0,6.7628,1
5.7655,0,5.7655,2
-5.6444,0,5.6444,1
-4.9118,0,4.9118,2
-5.4842,0,5.4842,1
5.4728,0,5.4728,2
-5.3452,0,5.3452,1
4.38,0,4.38,2
5.5048,0,5.5048,1
-4.7893,0,4.7893,2
-6.5465,0,6.5465,1
5.4991,0,5.4991,2
6.1989,0,6.1989,1
-5.5799,0,5.5799,2
7.1197,0,7.1197,1
-5.0807,0,5.0807,2
-6.9283,0,6.9283,1
6.1404,0,6.1404,2
-5.6114,0,5.6114,1
5.5288,0,5.5288,2
6.2932,0,6.2932,1
-5.561,0,5.561,2
-7.1382,0,7.1382,1
4.4332,0,4.4332,2
5.9859,0,5.9859,1
5.1522,0,5.1522,2
-5.7628,0,5.7628,1
4.3614,0,4.3614,2
5.3764,0,5.3764,1
-5.2649,0,5.2649,2
-4.8387,0,4.8387,1
4.485,0,4.485,2
4.9927,0,4.9927,1
-4.6918,0,4.6918,2
6.6246,0,6.6246,1
-4.7264,0,4.7264,2
-4.7953,0,4.7953,1
4.6794,0,4.6794,2
-4.9992,0,4.9992,1
4.4587,0,4.4587,2
4.4815,0,4.4815,1
3.5952,0,3.5952,2
5.9894,0,5.9894,1
-4.5687,0,4.5687,2
-5.7357,0,5.7357,1
5.6436,0,5.6436,2
5.5348,0,5.5348,1
-5.4439,0,5.4439,2
-6.2962,0,6.2962,1
5.9667,0,5.9667,2
4.395,0,4.395,1
-4.2419,0,4.2419,2
5.0052,0,5.0052,1
-4.9848,0,4.9848,2
-3.7313,0,3.7313,1
3.71,0,3.71,2
6.0753,0,6.0753,1
-5.5907,0,5.5907,2
-5.7333,0,5.7333,1
-4.5286,0,4.5286,2
-3.9656,0,3.9656,1
3.9371,0,3.9371,2
-5.4738,0,5.4738,1
5.3451,0,5.3451,2
6.0346,0,6.0346,1
-5.0058,0,5.0058,2
5.396,0,5.396,1
-4.0272,0,4.0272,2
5.1276,0,5.1276,1
4.3392,0,4.3392,2
5.9506,0,5.9506,1
-5.1906,0,5.1906,2
7.184,0,7.184,1
-4.19,0,4.19,2
4.6337,0,4.6337,1
-4.2413,0,4.2413,2
-4.3652,0,4.3652,1
4.3626,0,4.3626,2
4.1172,0,4.1172,1
-3.9043,0,3.9043,2
-4.5238,0,4.5238,1
4.0597,0,4.0597,2
-4.8595,0,4.8595,1
3.7868,0,3.7868,2
-4.6134,0,4.6134,1
4.1217,0,4.1217,2
-5.0128,0,5.0128,1
4.6391,0,4.6391,2
-5.6571,0,5.6571,1
5.4648,0,5.4648,2
-6.5989,0,6.5989,1
6.5792,0,6.5792,2
-6.8176,0,6.8176,1
-5.5533,0,5.5533,2
-5.3007,0,5.3007,1
4.9311,0,4.9311,2
-5.1165,0,5.1165,1
-4.1237,0,4.1237,2
6.0583,0,6.0583,1
-4.6129,0,4.6129,2
-4.4352,0,4.4352,1
4.0939,0,4.0939,2
-4.5337,0,4.5337,1
4.5058,0,4.5058,2
-6.7883,0,6.7883,1
5.1411,0,5.1411,2
-5.0723,0,5.0723,1
4.799,0,4.799,2
-6.0031,0,6.0031,1
4.5713,0,4.5713,2
-4.3885,0,4.3885,1
4.0608,0,4.0608,2
-5.9814,0,5.9814,1
5.387,0,5.387,2
5.9111,0,5.9111,1
-4.137,0,4.137,2
-5.6273,0,5.6273,1
4.8824,0,4.8824,2
5.9714,0,5.9714,1
-4.8932,0,4.8932,2
5.0645,0,5.0645,1
-4.9516,0,4.9516,2
-5.5584,0,5.5584,1
3.9917,0,3.9917,2
5.5143,0,5.5143,1
-3.8458,0,3.8458,2
6.6191,0,6.6191,1
-4.695,0,4.695,2
4.6255,0,4.6255,1
-4.4609,0,4.4609,2
-6.0936,0,6.0936,1
5.8548,0,5.8548,2
6.3477,0,6.3477,1
5.4856,0,5.4856,2
5.9587,0,5.9587,1
-4.8391,0,4.8391,2
-5.8185,0,5.8185,1
4.6796,0,4.6796,2
5.3392,0,5.3392,1
-4.0296,0,4.0296,2
-5.7186,0,5.7186,1
5.0904,0,5.0904,2
6.117,0,6.117,1
-5.2798,0,5.2798,2
-4.5547,0,4.5547,1
2.9145,0,2.9145,2
6.2184,0,6.2184,1
-4.3542,0,4.3542,2
5.6022,0,5.6022,1
-3.7474,0,3.7474,2
4.2472,0,4.2472,1
-4.1438,0,4.1438,2
4.8668,0,4.8668,1
-4.2528,0,4.2528,2
-6.3266,0,6.3266,1
-5.1337,0,5.1337,2
-5.7385,0,5.7385,1
5.1417,0,5.1417,2
-5.741,0,5.741,1
4.8704,0,4.8704,2
6.0239,0,6.0239,1
-5.1174,0,5.1174,2
5.646,0,5.646,1
-4.7211,0,4.7211,2
6.139,0,6.139,1
-5.2706,0,5.2706,2
5.5166,0,5.5166,1
-5.0835,0,5.0835,2
-4.9458,0,4.9458,1
4.2872,0,4.2872,2
5.1447,0,5.1447,1
-4.2207,0,4.2207,2
5.5718,0,5.5718,1
-4.9697,0,4.9697,2
5.5009,0,5.5009,1
-4.9059,0,4.9059,2
5.2197,0,5.2197,1
-4.6751,0,4.6751,2
5.3379,0,5.3379,1
-4.7785,0,4.7785,2
-4.7804,0,4.7804,1
4.4279,0,4.4279,2
4.9355,0,4.9355,1
4.3092,0,4.3092,2
4.8725,0,4.8725,1
-4.7486,0,4.7486,2
5.0968,0,5.0968,1
4.6323,0,4.6323,2
-5.3945,0,5.3945,1
4.3149,0,4.3149,2
4.6232,0,4.6232,1
3.63,0,3.63,2
7.1038,0,7.1038,1
-6.0878,0,6.0878,2
-6.3857,0,6.3857,1
5.5767,0,5.5767,2
5.3322,0,5.3322,1
5.0142,0,5.0142,2
-6.4013,0,6.4013,1
3.5658,0,3.5658,2
4.7886,0,4.7886,1
-4.5369,0,4.5369,2
5.4322,0,5.4322,1
-5.1846,0,5.1846,2
-5.2462,0,5.2462,1
4.4249,0,4.4249,2
6.393,0,6.393,1
-5.3764,0,5.3764,2
5.9866,0,5.9866,1
-5.8953,0,5.8953,2
6.24,0,6.24,1
-5.1927,0,5.1927,2
-4.8595,0,4.8595,1
-4.5445,0,4.5445,2
5.547,0,5.547,1
-4.9151,0,4.9151,2
-5.0658,0,5.0658,1
-4.0415,0,4.0415,2
6.353,0,6.353,1
-6.241,0,6.241,2
-5.2135,0,5.2135,1
4.0836,0,4.0836,2
4.8035,0,4.8035,1
-4.1125,0,4.1125,2
-5.1919,0,5.1919,1
4.8326,0,4.8326,2
-7.0765,0,7.0765,1
-4.4874,0,4.4874,2
-5.7573,0,5.7573,1
5.7409,0,5.7409,2
-5.4736,0,5.4736,1
-3.8433,0,3.8433,2
6.3234,0,6.3234,1
-5.5063,0,5.5063,2
-5.6093,0,5.6093,1
5.1399,0,5.1399,2
-4.534,0,4.534,1
4.2721,0,4.2721,2
5.0414,0,5.0414,1
-4.377,0,4.377,2
6.0043,0,6.0043,1
-5.4494,0,5.4494,2
-5.6119,0,5.6119,1
4.2385,0,4.2385,2
-5.4554,0,5.4554,1
4.7286,0,4.7286,2
5.0826,0,5.0826,1
-4.8336,0,4.8336,2
6.2108,0,6.2108,1
-4.3395,0,4.3395,2
5.5472,0,5.5472,1
-5.0643,0,5.0643,2
-5.7487,0,5.7487,1
4.9338,0,4.9338,2
-5.1382,0,5.1382,1
4.7571,0,4.7571,2
-5.3671,0,5.3671,1
4.7158,0,4.7158,2
-5.0414,0,5.0414,1
4.8023,0,4.8023,2
-5.1049,0,5.1049,1
5.0939,0,5.0939,2
-5.4123,0,5.4123,1
5.31,0,5.31,2
5.8852,0,5.8852,1
-5.1809,0,5.1809,2
5.7741,0,5.7741,1
-5.3283,0,5.3283,2
5.6657,0,5.6657,1
-4.8185,0,4.8185,2
-6.3234,0,6.3234,1
5.7397,0,5.7397,2
4.2879,0,4.2879,1
-4.2814,0,4.2814,2
-4.93,0,4.93,1
-4.7557,0,4.7557,2
-5.4259,0,5.4259,1
3.9588,0,3.9588,2
-4.9051,0,4.9051,1
-4.2857,0,4.2857,2
4.2581,0,4.2581,1
3.9422,0,3.9422,2
-7.4786,0,7.4786,1
5.004,0,5.004,2
-6.3025,0,6.3025,1
5.6017,0,5.6017,2
5.2493,0,5.2493,1
4.4361,0,4.4361,2
-5.6107,0,5.6107,1
5.2399,0,5.2399,2
-5.5852,0,5.5852,1
4.9558,0,4.9558,2
5.1997,0,5.1997,1
3.9183,0,3.9183,2
5.3325,0,5.3325,1
-5.2023,0,5.2023,2
-6.2478,0,6.2478,1
4.453,0,4.453,2
5.0976,0,5.0976,1
-3.7065,0,3.7065,2
5.0393,0,5.0393,1
-4.1813,0,4.1813,2
-5.3932,0,5.3932,1
3.6904,0,3.6904,2
5.2654,0,5.2654,1
-5.0212,0,5.0212,2
-5.1743,0,5.1743,1
4.0172,0,4.0172,2
-6.3915,0,6.3915,1
5.6886,0,5.6886,2
-6.3326,0,6.3326,1
6.1811,0,6.1811,2
-6.0011,0,6.0011,1
5.3226,0,5.3226,2
-6.1444,0,6.1444,1
4.709,0,4.709,2
4.7792,0,4.7792,1
-4.629,0,4.629,2
-5.6351,0,5.6351,1
4.0249,0,4.0249,2
-5.3634,0,5.3634,1
5.1931,0,5.1931,2
-5.8075,0,5.8075,1
4.6353,0,4.6353,2
5.6792,0,5.6792,1
4.6794,0,4.6794,2
-5.4165,0,5.4165,1
4.855,0,4.855,2
6.7244,0,6.7244,1
-4.8981,0,4.8981,2
-7.2515,0,7.2515,1
6.153,0,6.153,2
-5.3375,0,5.3375,1
-4.9037,0,4.9037,2
5.5284,0,5.5284,1
-4.1626,0,4.1626,2
5.1751,0,5.1751,1
-4.9881,0,4.9881,2
4.8187,0,4.8187,1
-4.4302,0,4.4302,2
6.2825,0,6.2825,1
-6.1036,0,6.1036,2
-6.1043,0,6.1043,1
5.3121,0,5.3121,2
-6.3911,0,6.3911,1
4.6866,0,4.6866,2
-5.6824,0,5.6824,1
-4.2563,0,4.2563,2
-4.83,0,4.83,1
4.4739,0,4.4739,2
-5.9068,0,5.9068,1
5.2063,0,5.2063,2
5.597,0,5.597,1
4.7368,0,4.7368,2
-6.2753,0,6.2753,1
-5.1786,0,5.1786,2
-4.828,0,4.828,1
4.6519,0,4.6519,2
5.7846,0,5.7846,1
-5.6607,0,5.6607,2
-5.0064,0,5.0064,1
4.8424,0,4.8424,2
5.1534,0,5.1534,1
-4.8265,0,4.8265,2
-6.7134,0,6.7134,1
4.7073,0,4.7073,2
5.2699,0,5.2699,1
-4.1357,0,4.1357,2
5.0672,0,5.0672,1
-4.291,0,4.291,2
4.6917,0,4.6917,1
-4.3827,0,4.3827,2
-4.9194,0,4.9194,1
4.3309,0,4.3309,2
5.0497,0,5.0497,1
-5.0479,0,5.0479,2
4.9788,0,4.9788,1
-4.8876,0,4.8876,2
-6.3601,0,6.3601,1
5.0749,0,5.0749,2
5.9586,0,5.9586,1
5.4247,0,5.4247,2
4.8946,0,4.8946,1
-4.0997,0,4.0997,2
-5.3574,0,5.3574,1
5.2679,0,5.2679,2
-5.2126,0,5.2126,1
4.7998,0,4.7998,2
-6.5778,0,6.5778,1
5.5665,0,5.5665,2
-6.1987,0,6.1987,1
5.0639,0,5.0639,2
4.5161,0,4.5161,1
-4.4123,0,4.4123,2
5.7624,0,5.7624,1
-5.4787,0,5.4787,2
-5.5435,0,5.5435,1
5.5313,0,5.5313,2
-6.6648,0,6.6648,1
4.1706,0,4.1706,2
-4.1537,0,4.1537,1
4.1069,0,4.1069,2
-4.8154,0,4.8154,1
4.5514,0,4.5514,2
-5.7447,0,5.7447,1
4.5288,0,4.5288,2
5.4376,0,5.4376,1
-4.0616,0,4.0616,2
4.6855,0,4.6855,1
-3.9515,0,3.9515,2
-5.4193,0,5.4193,1
4.6978,0,4.6978,2
6.6994,0,6.6994,1
-4.5762,0,4.5762,2
6.7017,0,6.7017,1
-4.2266,0,4.2266,2
-5.5436,0,5.5436,1
-4.6683,0,4.6683,2
6.4845,0,6.4845,1
-5.7169,0,5.7169,2
5.8762,0,5.8762,1
-5.0711,0,5.0711,2
-5.9961,0,5.9961,1
5.8264,0,5.8264,2
5.9259,0,5.9259,1
4.7003,0,4.7003,2
5.2953,0,5.2953,1
-4.7817,0,4.7817,2
4.4416,0,4.4416,1
-4.3602,0,4.3602,2
-6.0932,0,6.0932,1
-4.2272,0,4.2272,2
5.2117,0,5.2117,1
5.0153,0,5.0153,2
-5.2292,0,5.2292,1
5.0343,0,5.0343,2
5.9888,0,5.9888,1
4.514,0,4.514,2
-6.661,0,6.661,1
5.5198,0,5.5198,2
-6.4591,0,6.4591,1
6.4272,0,6.4272,2
-5.3738,0,5.3738,1
5.3523,0,5.3523,2
-4.9598,0,4.9598,1
4.7434,0,4.7434,2
-5.2473,0,5.2473,1
3.8769,0,3.8769,2
-4.5537,0,4.5537,1
3.7217,0,3.7217,2
-5.9241,0,5.9241,1
4.7908,0,4.7908,2
-6.6402,0,6.6402,1
5.5765,0,5.5765,2
-5.7195,0,5.7195,1
5.2594,0,5.2594,2
6.38,0,6.38,1
4.7485,0,4.7485,2
5.4112,0,5.4112,1
-4.0986,0,4.0986,2
5.2659,0,5.2659,1
-4.4056,0,4.4056,2
6.7493,0,6.7493,1
-5.726,0,5.726,2
-4.8734,0,4.8734,1
4.5059,0,4.5059,2
5.2112,0,5.2112,1
-5.1889,0,5.1889,2
5.0246,0,5.0246,1
-3.6994,0,3.6994,2
5.5947,0,5.5947,1
4.0763,0,4.0763,2
5.0852,0,5.0852,1
-4.6064,0,4.6064,2
-6.1845,0,6.1845,1
5.7182,0,5.7182,2
5.3672,0,5.3672,1
-5.1319,0,5.1319,2
4.3668,0,4.3668,1
-4.2607,0,4.2607,2
-4.3066,0,4.3066,1
4.0362,0,4.0362,2
-5.7335,0,5.7335,1
4.4036,0,4.4036,2
6.2111,0,6.2111,1
-4.9557,0,4.9557,2
6.3678,0,6.3678,1
-5.5925,0,5.5925,2
-5.4594,0,5.4594,1
5.0302,0,5.0302,2
-5.7705,0,5.7705,1
5.5825,0,5.5825,2
-5.3692,0,5.3692,1
5.3171,0,5.3171,2
-6.7131,0,6.7131,1
-5.2742,0,5.2742,2
6.2737,0,6.2737,1
4.8843,0,4.8843,2
-5.8272,0,5.8272,1
4.8094,0,4.8094,2
-4.9788,0,4.9788,1
-3.2406,0,3.2406,2
5.362,0,5.362,1
-5.3296,0,5.3296,2
-5.185,0,5.185,1
5.1271,0,5.1271,2
-5.8225,0,5.8225,1
4.9682,0,4.9682,2
-5.9028,0,5.9028,1
5.8313,0,5.8313,2
4.9924,0,4.9924,1
-4.7646,0,4.7646,2
-4.8799,0,4.8799,1
-4.284,0,4.284,2
-5.8669,0,5.8669,1
5.3633,0,5.3633,2
6.4826,0,6.4826,1
-5.1603,0,5.1603,2
-4.9176,0,4.9176,1
4.788,0,4.788,2
5.1213,0,5.1213,1
-4.0043,0,4.0043,2
6.3059,0,6.3059,1
3.7638,0,3.7638,2
4.5852,0,4.5852,1
-4.5043,0,4.5043,2
-5.6347,0,5.6347,1
4.7672,0,4.7672,2
4.4999,0,4.4999,1
-4.3889,0,4.3889,2
-5.1917,0,5.1917,1
5.1614,0,5.1614,2
-5.6976,0,5.6976,1
4.6058,0,4.6058,2
-4.53,0,4.53,1
4.4107,0,4.4107,2
-5.8153,0,5.8153,1
5.0242,0,5.0242,2
6.1826,0,6.1826,1
-4.6586,0,4.6586,2
5.1611,0,5.1611,1
3.5074,0,3.5074,2
6.5203,0,6.5203,1
-4.5946,0,4.5946,2
6.2693,0,6.2693,1
-5.7213,0,5.7213,2
5.6573,0,5.6573,1
-4.598,0,4.598,2
-6.2381,0,6.2381,1
4.8003,0,4.8003,2
-5.046,0,5.046,1
3.6136,0,3.6136,2
5.6984,0,5.6984,1
-4.2536,0,4.2536,2
4.9685,0,4.9685,1
4.3241,0,4.3241,2
-5.5323,0,5.5323,1
5.1337,0,5.1337,2
-5.0791,0,5.0791,1
4.5042,0,4.5042,2
4.7508,0,4.7508,1
-4.6976,0,4.6976,2
5.6436,0,5.6436,1
-5.2175,0,5.2175,2
-6.3518,0,6.3518,1
4.4272,0,4.4272,2
6.3627,0,6.3627,1
-5.7203,0,5.7203,2
-5.7289,0,5.7289,1
4.9139,0,4.9139,2
6.2493,0,6.2493,1
-4.7604,0,4.7604,2
6.1644,0,6.1644,1
-4.6783,0,4.6783,2
-5.8377,0,5.8377,1
4.1989,0,4.1989,2
4.7709,0,4.7709,1
-4.5614,0,4.5614,2
-4.9817,0,4.9817,1
4.2499,0,4.2499,2
5.9682,0,5.9682,1
-4.1402,0,4.1402,2
-6.6793,0,6.6793,1
4.5081,0,4.5081,2
6.2746,0,6.2746,1
-4.8431,0,4.8431,2
-5.9792,0,5.9792,1
4.8206,0,4.8206,2
5.1384,0,5.1384,1
-4.6969,0,4.6969,2
5.5634,0,5.5634,1
5.1531,0,5.1531,2
6.1337,0,6.1337,1
-5.1352,0,5.1352,2
5.6457,0,5.6457,1
4.5482,0,4.5482,2
4.947,0,4.947,1
4.4864,0,4.4864,2
5.6917,0,5.6917,1
-5.3272,0,5.3272,2
4.3258,0,4.3258,1
-4.096,0,4.096,2
5.3804,0,5.3804,1
4.7043,0,4.7043,2
-6.891,0,6.891,1
4.6301,0,4.6301,2
6.4098,0,6.4098,1
-4.4126,0,4.4126,2
4.5161,0,4.5161,1
3.8413,0,3.8413,2
-4.7643,0,4.7643,1
4.3742,0,4.3742,2
5.5382,0,5.5382,1
-4.4551,0,4.4551,2
5.1338,0,5.1338,1
4.0036,0,4.0036,2
-5.1384,0,5.1384,1
4.7675,0,4.7675,2
-5.7187,0,5.7187,1
4.1488,0,4.1488,2
5.6045,0,5.6045,1
-5.5795,0,5.5795,2
-4.8417,0,4.8417,1
4.3926,0,4.3926,2
-5.3021,0,5.3021,1
4.9827,0,4.9827,2
5.637,0,5.637,1
-4.7832,0,4.7832,2
-6.2832,0,6.2832,1
5.0333,0,5.0333,2
-5.7801,0,5.7801,1
4.737,0,4.737,2
4.9258,0,4.9258,1
-3.9342,0,3.9342,2
4.8083,0,4.8083,1
-4.6828,0,4.6828,2
-6.0051,0,6.0051,1
5.1425,0,5.1425,2
-5.8727,0,5.8727,1
4.8545,0,4.8545,2
-5.7442,0,5.7442,1
-4.3833,0,4.3833,2
5.5602,0,5.5602,1
-3.8042,0,3.8042,2
-5.6231,0,5.6231,1
5.3842,0,5.3842,2
5.5745,0,5.5745,1
-4.6751,0,4.6751,2
4.7289,0,4.7289,1
-3.5648,0,3.5648,2
-5.7817,0,5.7817,1
5.3517,0,5.3517,2
6.3975,0,6.3975,1
5.4761,0,5.4761,2
5.163,0,5.163,1
4.1884,0,4.1884,2
5.0635,0,5.0635,1
4.6731,0,4.6731,2
6.2934,0,6.2934,1
-4.3563,0,4.3563,2
-4.5249,0,4.5249,1
4.4761,0,4.4761,2
-5.2863,0,5.2863,1
4.9354,0,4.9354,2
-6.3261,0,6.3261,1
5.0426,0,5.0426,2
-5.4559,0,5.4559,1
4.608,0,4.608,2
-5.4939,0,5.4939,1
5.3289,0,5.3289,2
-5.7589,0,5.7589,1
-3.8749,0,3.8749,2
4.9428,0,4.9428,1
-4.6735,0,4.6735,2
4.5022,0,4.5022,1
-3.8128,0,3.8128,2
4.9542,0,4.9542,1
-4.8034,0,4.8034,2
-5.9444,0,5.9444,1
4.9935,0,4.9935,2
-6.5238,0,6.5238,1
4.7349,0,4.7349,2
5.3631,0,5.3631,1
-4.8647,0,4.8647,2
5.6429,0,5.6429,1
-4.2743,0,4.2743,2
4.9294,0,4.9294,1
-4.2571,0,4.2571,2
-4.9688,0,4.9688,1
4.4064,0,4.4064,2
5.5443,0,5.5443,1
-5.095,0,5.095,2
-4.5534,0,4.5534,1
4.4914,0,4.4914,2
5.065,0,5.065,1
-4.803,0,4.803,2
5.1612,0,5.1612,1
-5.1061,0,5.1061,2
5.2078,0,5.2078,1
-4.3808,0,4.3808,2
5.8197,0,5.8197,1
-4.969,0,4.969,2
5.4087,0,5.4087,1
-4.135,0,4.135,2
4.9827,0,4.9827,1
-3.6582,0,3.6582,2
-6.0842,0,6.0842,1
4.4927,0,4.4927,2
-5.8968,0,5.8968,1
5.3503,0,5.3503,2
4.6926,0,4.6926,1
-4.6414,0,4.6414,2
4.1992,0,4.1992,1
-3.8981,0,3.8981,2
6.0544,0,6.0544,1
4.2804,0,4.2804,2
5.4119,0,5.4119,1
-5.2884,0,5.2884,2
5.449,0,5.449,1
-4.8569,0,4.8569,2
4.9648,0,4.9648,1
-4.9253,0,4.9253,2
5.9653,0,5.9653,1
-5.2232,0,5.2232,2
-4.9704,0,4.9704,1
4.6835,0,4.6835,2
-4.7383,0,4.7383,1
3.2012,0,3.2012,2
4.9165,0,4.9165,1
-4.4328,0,4.4328,2
-5.6555,0,5.6555,1
4.6037,0,4.6037,2
6.7056,0,6.7056,1
-5.2572,0,5.2572,2
-5.6004,0,5.6004,1
4.676,0,4.676,2
-4.8353,0,4.8353,1
4.2143,0,4.2143,2
-5.8434,0,5.8434,1
5.6925,0,5.6925,2
5.3844,0,5.3844,1
-5.025,0,5.025,2
5.6338,0,5.6338,1
-4.2399,0,4.2399,2
4.4904,0,4.4904,1
-4.4043,0,4.4043,2
-5.8046,0,5.8046,1
5.2375,0,5.2375,2
-6.2195,0,6.2195,1
4.9915,0,4.9915,2
5.4684,0,5.4684,1
4.6658,0,4.6658,2
-5.0711,0,5.0711,1
4.0389,0,4.0389,2
-6.2247,0,6.2247,1
5.6028,0,5.6028,2
-5.044,0,5.044,1
4.733,0,4.733,2
-5.6629,0,5.6629,1
-4.7591,0,4.7591,2
-4.6323,0,4.6323,1
4.1786,0,4.1786,2
-4.5067,0,4.5067,1
3.7334,0,3.7334,2
6.1685,0,6.1685,1
-5.1879,0,5.1879,2
5.6335,0,5.6335,1
4.7123,0,4.7123,2
-6.0423,0,6.0423,1
5.1028,0,5.1028,2
5.9019,0,5.9019,1
-5.5043,0,5.5043,2
5.1239,0,5.1239,1
-4.9983,0,4.9983,2
4.9789,0,4.9789,1
-4.4023,0,4.4023,2
6.0595,0,6.0595,1
-5.608,0,5.608,2
-6.0957,0,6.0957,1
5.2105,0,5.2105,2
5.3728,0,5.3728,1
-5.3156,0,5.3156,2
-6.2993,0,6.2993,1
4.9542,0,4.9542,2
4.9804,0,4.9804,1
-4.4387,0,4.4387,2
4.4408,0,4.4408,1
-3.5684,0,3.5684,2
5.0976,0,5.0976,1
-5.0969,0,5.0969,2
-5.8461,0,5.8461,1
5.5136,0,5.5136,2
5.6965,0,5.6965,1
-4.6543,0,4.6543,2
-4.3881,0,4.3881,1
3.5063,0,3.5063,2
5.2912,0,5.2912,1
-5.0801,0,5.0801,2
-4.8079,0,4.8079,1
4.5446,0,4.5446,2
-5.4367,0,5.4367,1
4.579,0,4.579,2
-5.1838,0,5.1838,1
4.1412,0,4.1412,2
5.1044,0,5.1044,1
-5.04,0,5.04,2
6.476,0,6.476,1
-5.2233,0,5.2233,2
-4.6058,0,4.6058,1
3.9138,0,3.9138,2
-5.8431,0,5.8431,1
5.3398,0,5.3398,2
6.1647,0,6.1647,1
-4.8648,0,4.8648,2
5.4361,0,5.4361,1
4.4864,0,4.4864,2
-5.2069,0,5.2069,1
4.64,0,4.64,2
-5.4047,0,5.4047,1
5.2993,0,5.2993,2
-4.8766,0,4.8766,1
4.2302,0,4.2302,2
-5.5152,0,5.5152,1
-4.6702,0,4.6702,2
5.9644,0,5.9644,1
-5.4839,0,5.4839,2
-5.2481,0,5.2481,1
5.1813,0,5.1813,2
-4.203,0,4.203,1
3.893,0,3.893,2
6.2181,0,6.2181,1
-6.018,0,6.018,2
-5.387,0,5.387,1
4.8996,0,4.8996,2
5.9087,0,5.9087,1
-3.7671,0,3.7671,2
4.4716,0,4.4716,1
-4.1925,0,4.1925,2
5.0993,0,5.0993,1
4.9724,0,4.9724,2
4.4548,0,4.4548,1
-4.2401,0,4.2401,2
-5.66,0,5.66,1
4.4178,0,4.4178,2
-5.0816,0,5.0816,1
4.7129,0,4.7129,2
4.8751,0,4.8751,1
-4.0563,0,4.0563,2
6.2048,0,6.2048,1
-4.6003,0,4.6003,2
5.772,0,5.772,1
-5.3807,0,5.3807,2
5.8134,0,5.8134,1
3.8388,0,3.8388,2
4.7646,0,4.7646,1
-4.6639,0,4.6639,2
-5.8096,0,5.8096,1
-5.0249,0,5.0249,2
-4.9167,0,4.9167,1
4.7982,0,4.7982,2
-4.8014,0,4.8014,1
4.3573,0,4.3573,2
4.4196,0,4.4196,1
-3.8934,0,3.8934,2
5.3097,0,5.3097,1
-5.2921,0,5.2921,2
-5.6914,0,5.6914,1
4.5465,0,4.5465,2
4.5212,0,4.5212,1
-4.2936,0,4.2936,2
-4.6723,0,4.6723,1
4.4471,0,4.4471,2
-5.8434,0,5.8434,1
5.386,0,5.386,2
-5.1688,0,5.1688,1
4.5475,0,4.5475,2
6.3895,0,6.3895,1
4.5782,0,4.5782,2
4.6149,0,4.6149,1
-4.1611,0,4.1611,2
4.8301,0,4.8301,1
-4.601,0,4.601,2
6.0137,0,6.0137,1
4.9636,0,4.9636,2
5.9178,0,5.9178,1
-4.7343,0,4.7343,2
-5.4141,0,5.4141,1
4.8423,0,4.8423,2
3.7241,0,3.7241,1
-3.7147,0,3.7147,2
-5.3847,0,5.3847,1
5.1056,0,5.1056,2
-4.7694,0,4.7694,1
4.5879,0,4.5879,2
5.1074,0,5.1074,1
-5.1062,0,5.1062,2
-4.4762,0,4.4762,1
-4.0382,0,4.0382,2
-5.9019,0,5.9019,1
-4.8346,0,4.8346,2
4.3899,0,4.3899,1
-4.226,0,4.226,2
-5.5879,0,5.5879,1
-4.8375,0,4.8375,2
-4.4757,0,4.4757,1
4.1592,0,4.1592,2
5.1803,0,5.1803,1
-4.4855,0,4.4855,2
5.5167,0,5.5167,1
-5.0791,0,5.0791,2
5.2382,0,5.2382,1
-4.3312,0,4.3312,2
4.8938,0,4.8938,1
-4.7532,0,4.7532,2
-5.8565,0,5.8565,1
5.2352,0,5.2352,2
5.9609,0,5.9609,1
-5.4877,0,5.4877,2
6.128,0,6.128,1
-5.9429,0,5.9429,2
-4.9417,0,4.9417,1
4.8058,0,4.8058,2
-5.4992,0,5.4992,1
5.056,0,5.056,2
-5.8113,0,5.8113,1
5.2758,0,5.2758,2
7.2919,0,7.2919,1
-4.9926,0,4.9926,2
6.5908,0,6.5908,1
-3.9454,0,3.9454,2
-4.6571,0,4.6571,1
4.6437,0,4.6437,2
-5.4952,0,5.4952,1
4.8201,0,4.8201,2
6.0859,0,6.0859,1
-5.4649,0,5.4649,2
-6.1191,0,6.1191,1
5.6139,0,5.6139,2
5.786,0,5.786,1
-5.4493,0,5.4493,2
-5.6459,0,5.6459,1
5.2631,0,5.2631,2
7.3769,0,7.3769,1
-4.727,0,4.727,2
-6.6779,0,6.6779,1
5.229,0,5.229,2
-6.5145,0,6.5145,1
-5.0211,0,5.0211,2
5.6929,0,5.6929,1
-4.3828,0,4.3828,2
5.9858,0,5.9858,1
-4.4418,0,4.4418,2
5.8758,0,5.8758,1
4.5491,0,4.5491,2
-5.6187,0,5.6187,1
5.2059,0,5.2059,2
-6.7005,0,6.7005,1
5.0321,0,5.0321,2
-5.3189,0,5.3189,1
5.0723,0,5.0723,2
-5.1676,0,5.1676,1
4.4016,0,4.4016,2
-5.2336,0,5.2336,1
5.071,0,5.071,2
-5.3087,0,5.3087,1
5.0149,0,5.0149,2
-7.6835,0,7.6835,1
7.0231,0,7.0231,2
-5.3428,0,5.3428,1
4.6903,0,4.6903,2
5.1591,0,5.1591,1
-4.1007,0,4.1007,2
6.0064,0,6.0064,1
-5.1478,0,5.1478,2
-5.8637,0,5.8637,1
5.4155,0,5.4155,2
6.1163,0,6.1163,1
-4.6643,0,4.6643,2
4.6053,0,4.6053,1
-4.2607,0,4.2607,2
-6.7725,0,6.7725,1
5.3986,0,5.3986,2
5.0755,0,5.0755,1
-4.9399,0,4.9399,2
4.892,0,4.892,1
-4.6783,0,4.6783,2
5.0231,0,5.0231,1
-4.7214,0,4.7214,2
4.0195,0,4.0195,1
3.9472,0,3.9472,2
-6.4395,0,6.4395,1
4.7124,0,4.7124,2
-3.7105,0,3.7105,1
3.5264,0,3.5264,2
6.451,0,6.451,1
-4.9293,0,4.9293,2
6.4573,0,6.4573,1
-4.9902,0,4.9902,2
5.3175,0,5.3175,1
-5.1713,0,5.1713,2
-5.8394,0,5.8394,1
-4.6121,0,4.6121,2
-5.0002,0,5.0002,1
4.7352,0,4.7352,2
-4.9469,0,4.9469,1
4.345,0,4.345,2
-5.9161,0,5.9161,1
5.8362,0,5.8362,2
5.9099,0,5.9099,1
-5.6009,0,5.6009,2
-5.8745,0,5.8745,1
4.4998,0,4.4998,2
-6.1582,0,6.1582,1
5.1215,0,5.1215,2
-5.3265,0,5.3265,1
5.1996,0,5.1996,2
5.1111,0,5.1111,1
-4.4398,0,4.4398,2
6.7137,0,6.7137,1
-4.0905,0,4.0905,2
4.4161,0,4.4161,1
-4.2858,0,4.2858,2
4.5666,0,4.5666,1
-4.533,0,4.533,2
-5.4428,0,5.4428,1
5.2802,0,5.2802,2
